episode,title,publishedAt,durationSeconds,durationMinutes,guid,audioUrl,appleUrl
1,アイドルオタクvsギャルゲーオタク 史上最小の戦い,2023-04-06,2391,40,dcfdf66c-d42b-11ed-b234-2b8a8c14e198,https://pdst.fm/e/pscrb.fm/rss/p/traffic.megaphone.fm/TBS5698224794.mp3?updated=1680753906,https://podcasts.apple.com/jp/podcast/1-%E3%82%A2%E3%82%A4%E3%83%89%E3%83%AB%E3%82%AA%E3%82%BF%E3%82%AFvs%E3%82%AE%E3%83%A3%E3%83%AB%E3%82%B2%E3%83%BC%E3%82%AA%E3%82%BF%E3%82%AF-%E5%8F%B2%E4%B8%8A%E6%9C%80%E5%B0%8F%E3%81%AE%E6%88%A6%E3%81%84/id1680512344?i=1000607684249&uo=4
2,続 エロゲオタクvsアイドルオタク　大山覚醒篇,2023-04-13,3061,51,14a534f0-d999-11ed-8cc6-8bae26bfed95,https://pdst.fm/e/pscrb.fm/rss/p/traffic.megaphone.fm/TBS5318656921.mp3?updated=1681349649,https://podcasts.apple.com/jp/podcast/2-%E7%B6%9A-%E3%82%A8%E3%83%AD%E3%82%B2%E3%82%AA%E3%82%BF%E3%82%AFvs%E3%82%A2%E3%82%A4%E3%83%89%E3%83%AB%E3%82%AA%E3%82%BF%E3%82%AF-%E5%A4%A7%E5%B1%B1%E8%A6%9A%E9%86%92%E7%AF%87/id1680512344?i=1000608769102&uo=4
3,櫻坂46 3rd TOUR 前夜の戦い,2023-04-20,2860,48,b4c7070e-df3b-11ed-84e0-ffb4a148a164,https://pdst.fm/e/pscrb.fm/rss/p/traffic.megaphone.fm/TBS5188026081.mp3?updated=1681972068,https://podcasts.apple.com/jp/podcast/3-%E6%AB%BB%E5%9D%8246-3rd-tour-%E5%89%8D%E5%A4%9C%E3%81%AE%E6%88%A6%E3%81%84/id1680512344?i=1000609785463&uo=4
4,エロゲからの刺客,2023-04-27,2567,43,9b6ecb62-e4d0-11ed-906f-776fdc99de2a,https://pdst.fm/e/pscrb.fm/rss/p/traffic.megaphone.fm/TBS7954249773.mp3?updated=1682583579,https://podcasts.apple.com/jp/podcast/4-%E3%82%A8%E3%83%AD%E3%82%B2%E3%81%8B%E3%82%89%E3%81%AE%E5%88%BA%E5%AE%A2/id1680512344?i=1000610847108&uo=4
5,愛の逃亡者たち,2023-05-04,2782,46,60e83c00-ea4b-11ed-a8eb-3fe901ac018f,https://pdst.fm/e/pscrb.fm/rss/p/traffic.megaphone.fm/TBS8953086793.mp3?updated=1683185153,https://podcasts.apple.com/jp/podcast/5-%E6%84%9B%E3%81%AE%E9%80%83%E4%BA%A1%E8%80%85%E3%81%9F%E3%81%A1/id1680512344?i=1000611716583&uo=4
6,エロゲ雑誌を広げて,2023-05-11,2997,50,8604ded6-efc7-11ed-86fc-c31d7ad80b71,https://pdst.fm/e/pscrb.fm/rss/p/traffic.megaphone.fm/TBS4478710951.mp3?updated=1683789390,https://podcasts.apple.com/jp/podcast/6-%E3%82%A8%E3%83%AD%E3%82%B2%E9%9B%91%E8%AA%8C%E3%82%92%E5%BA%83%E3%81%92%E3%81%A6/id1680512344?i=1000612608404&uo=4
7,エロゲリスナー長文メール祭り,2023-05-18,2571,43,cae9b7f6-f54e-11ed-9ae9-b3371f0964f3,https://pdst.fm/e/pscrb.fm/rss/p/traffic.megaphone.fm/TBS7939578984.mp3?updated=1684396016,https://podcasts.apple.com/jp/podcast/7-%E3%82%A8%E3%83%AD%E3%82%B2%E3%83%AA%E3%82%B9%E3%83%8A%E3%83%BC%E9%95%B7%E6%96%87%E3%83%A1%E3%83%BC%E3%83%AB%E7%A5%AD%E3%82%8A/id1680512344?i=1000613502503&uo=4
8,主人公は俺なんだよ！,2023-05-25,2800,47,8f7f0bf8-fab2-11ed-9177-a7a734d28025,https://pdst.fm/e/pscrb.fm/rss/p/traffic.megaphone.fm/TBS4365052493.mp3?updated=1684988625,https://podcasts.apple.com/jp/podcast/8-%E4%B8%BB%E4%BA%BA%E5%85%AC%E3%81%AF%E4%BF%BA%E3%81%AA%E3%82%93%E3%81%A0%E3%82%88/id1680512344?i=1000614449072&uo=4
9,悲しきコメディアン,2023-06-01,2922,49,42bec14a-004e-11ee-b3ea-5396ba5be78c,https://pdst.fm/e/pscrb.fm/rss/p/traffic.megaphone.fm/TBS6153042474.mp3?updated=1685621863,https://podcasts.apple.com/jp/podcast/9-%E6%82%B2%E3%81%97%E3%81%8D%E3%82%B3%E3%83%A1%E3%83%87%E3%82%A3%E3%82%A2%E3%83%B3/id1680512344?i=1000615271280&uo=4
10,止まない銃声,2023-06-08,2946,49,a735ce36-05ba-11ee-a47f-d71b1a5b08f5,https://pdst.fm/e/pscrb.fm/rss/p/traffic.megaphone.fm/TBS1869272031.mp3?updated=1686202040,https://podcasts.apple.com/jp/podcast/10-%E6%AD%A2%E3%81%BE%E3%81%AA%E3%81%84%E9%8A%83%E5%A3%B0/id1680512344?i=1000616126644&uo=4
11,風が吹いてる,2023-06-15,2946,49,63420dc2-0b53-11ee-8d12-ef1663947df9,https://pdst.fm/e/pscrb.fm/rss/p/traffic.megaphone.fm/TBS6712803719.mp3?updated=1686818337,https://podcasts.apple.com/jp/podcast/11-%E9%A2%A8%E3%81%8C%E5%90%B9%E3%81%84%E3%81%A6%E3%82%8B/id1680512344?i=1000617128357&uo=4
12,怒号の果てに,2023-06-22,2719,45,a6807aa2-10e3-11ee-b7c4-1b6d36a3af74,https://pdst.fm/e/pscrb.fm/rss/p/traffic.megaphone.fm/TBS6497544398.mp3?updated=1687436347,https://podcasts.apple.com/jp/podcast/12-%E6%80%92%E5%8F%B7%E3%81%AE%E6%9E%9C%E3%81%A6%E3%81%AB/id1680512344?i=1000617954868&uo=4
13,いいか、エロゲは脱ぐし抜く（松崎克俊の伝道）,2023-06-29,2804,47,b68b5e88-1653-11ee-8bfc-4fab383cb157,https://pdst.fm/e/pscrb.fm/rss/p/traffic.megaphone.fm/TBS4761367778.mp3?updated=1688026998,https://podcasts.apple.com/jp/podcast/13-%E3%81%84%E3%81%84%E3%81%8B-%E3%82%A8%E3%83%AD%E3%82%B2%E3%81%AF%E8%84%B1%E3%81%90%E3%81%97%E6%8A%9C%E3%81%8F-%E6%9D%BE%E5%B4%8E%E5%85%8B%E4%BF%8A%E3%81%AE%E4%BC%9D%E9%81%93/id1680512344?i=1000618731719&uo=4
14,特訓・ドックン・超発奮！2023夏の上昇気流に乗れ,2023-07-06,3019,50,a6fd9582-1be2-11ee-8a7d-c7376fe05dc6,https://pdst.fm/e/pscrb.fm/rss/p/traffic.megaphone.fm/TBS9283289554.mp3?updated=1688638168,https://podcasts.apple.com/jp/podcast/14-%E7%89%B9%E8%A8%93-%E3%83%89%E3%83%83%E3%82%AF%E3%83%B3-%E8%B6%85%E7%99%BA%E5%A5%AE-2023%E5%A4%8F%E3%81%AE%E4%B8%8A%E6%98%87%E6%B0%97%E6%B5%81%E3%81%AB%E4%B9%97%E3%82%8C/id1680512344?i=1000619524154&uo=4
15,夏のLOVE SPLASH MAGIC!,2023-07-13,2623,44,f86a9af8-2152-11ee-a71d-ff5587d6efce,https://pdst.fm/e/pscrb.fm/rss/p/traffic.megaphone.fm/TBS9165748174.mp3?updated=1689236084,https://podcasts.apple.com/jp/podcast/15-%E5%A4%8F%E3%81%AElove-splash-magic/id1680512344?i=1000621003322&uo=4
16,推しにもし逢えたら／叫べども叫べども,2023-07-20,2780,46,bcc602e0-26d8-11ee-a3d4-c76f81598385,https://pdst.fm/e/pscrb.fm/rss/p/traffic.megaphone.fm/TBS8667286872.mp3?updated=1689842941,https://podcasts.apple.com/jp/podcast/16-%E6%8E%A8%E3%81%97%E3%81%AB%E3%82%82%E3%81%97%E9%80%A2%E3%81%88%E3%81%9F%E3%82%89-%E5%8F%AB%E3%81%B9%E3%81%A9%E3%82%82%E5%8F%AB%E3%81%B9%E3%81%A9%E3%82%82/id1680512344?i=1000621744299&uo=4
17,ハゲとエロゲ、どっちがモテるか勝負しようよ／シシガシラ脇田登場,2023-07-27,3697,62,21a93412-2c32-11ee-b1a1-5bf4992bad18,https://pdst.fm/e/pscrb.fm/rss/p/traffic.megaphone.fm/TBS8215479201.mp3?updated=1690431091,https://podcasts.apple.com/jp/podcast/17-%E3%83%8F%E3%82%B2%E3%81%A8%E3%82%A8%E3%83%AD%E3%82%B2-%E3%81%A9%E3%81%A3%E3%81%A1%E3%81%8C%E3%83%A2%E3%83%86%E3%82%8B%E3%81%8B%E5%8B%9D%E8%B2%A0%E3%81%97%E3%82%88%E3%81%86%E3%82%88-%E3%82%B7%E3%82%B7%E3%82%AC%E3%82%B7%E3%83%A9%E8%84%87%E7%94%B0%E7%99%BB%E5%A0%B4/id1680512344?i=1000622504608&uo=4
18,どうしてこうなっちまったんだよ！,2023-08-03,2616,44,7b06c35e-31d1-11ee-a29c-b79c2def9bdf,https://pdst.fm/e/pscrb.fm/rss/p/traffic.megaphone.fm/TBS7163219312.mp3?updated=1691049153,https://podcasts.apple.com/jp/podcast/18-%E3%81%A9%E3%81%86%E3%81%97%E3%81%A6%E3%81%93%E3%81%86%E3%81%AA%E3%81%A3%E3%81%A1%E3%81%BE%E3%81%A3%E3%81%9F%E3%82%93%E3%81%A0%E3%82%88/id1680512344?i=1000623294884&uo=4
19,あの日、渋谷でみんなが笑った,2023-08-10,3540,59,9a857f76-3759-11ee-9277-8755b9c9e53f,https://pdst.fm/e/pscrb.fm/rss/p/traffic.megaphone.fm/TBS4894032846.mp3?updated=1691657493,https://podcasts.apple.com/jp/podcast/19-%E3%81%82%E3%81%AE%E6%97%A5-%E6%B8%8B%E8%B0%B7%E3%81%A7%E3%81%BF%E3%82%93%E3%81%AA%E3%81%8C%E7%AC%91%E3%81%A3%E3%81%9F/id1680512344?i=1000624028334&uo=4
20,おかえり,2023-08-17,2308,38,e39309d8-3ce3-11ee-bfbe-f7da88796ff4,https://pdst.fm/e/pscrb.fm/rss/p/traffic.megaphone.fm/TBS9397141936.mp3?updated=1692268681,https://podcasts.apple.com/jp/podcast/20-%E3%81%8A%E3%81%8B%E3%81%88%E3%82%8A/id1680512344?i=1000624749700&uo=4
21,唯衣ちゃんの幻／コミケの約束,2023-08-24,3405,57,554963e4-4264-11ee-a87a-8bdee3541f39,https://pdst.fm/e/pscrb.fm/rss/p/traffic.megaphone.fm/TBS3462211085.mp3?updated=1693828489,https://podcasts.apple.com/jp/podcast/21-%E5%94%AF%E8%A1%A3%E3%81%A1%E3%82%83%E3%82%93%E3%81%AE%E5%B9%BB-%E3%82%B3%E3%83%9F%E3%82%B1%E3%81%AE%E7%B4%84%E6%9D%9F/id1680512344?i=1000625531778&uo=4
22,センパイ・・！ご飯に連れてってもらって・・いいですか,2023-08-31,2145,36,1bb47900-47e8-11ee-97b0-73471f168323,https://pdst.fm/e/pscrb.fm/rss/p/traffic.megaphone.fm/TBS4647217236.mp3?updated=1693533379,https://podcasts.apple.com/jp/podcast/22-%E3%82%BB%E3%83%B3%E3%83%91%E3%82%A4-%E3%81%94%E9%A3%AF%E3%81%AB%E9%80%A3%E3%82%8C%E3%81%A6%E3%81%A3%E3%81%A6%E3%82%82%E3%82%89%E3%81%A3%E3%81%A6-%E3%81%84%E3%81%84%E3%81%A7%E3%81%99%E3%81%8B/id1680512344?i=1000626312755&uo=4
23,アンチに告ぐ／ゆにばーす川瀬名人の参戦,2023-09-07,3727,62,52283d38-4d5a-11ee-9089-3f12cb584a3c,https://pdst.fm/e/pscrb.fm/rss/p/traffic.megaphone.fm/TBS1114789587.mp3?updated=1694077188,https://podcasts.apple.com/jp/podcast/23-%E3%82%A2%E3%83%B3%E3%83%81%E3%81%AB%E5%91%8A%E3%81%90-%E3%82%86%E3%81%AB%E3%81%B0%E3%83%BC%E3%81%99%E5%B7%9D%E7%80%AC%E5%90%8D%E4%BA%BA%E3%81%AE%E5%8F%82%E6%88%A6/id1680512344?i=1000627061456&uo=4
24,エロゲが俺を蘇らせる・・何度でも,2023-09-14,2865,48,971ee93e-52e4-11ee-a226-aba577744e39,https://pdst.fm/e/pscrb.fm/rss/p/traffic.megaphone.fm/TBS1200730709.mp3?updated=1694690876,https://podcasts.apple.com/jp/podcast/24-%E3%82%A8%E3%83%AD%E3%82%B2%E3%81%8C%E4%BF%BA%E3%82%92%E8%98%87%E3%82%89%E3%81%9B%E3%82%8B-%E4%BD%95%E5%BA%A6%E3%81%A7%E3%82%82/id1680512344?i=1000627843665&uo=4
25,Welcome to NTR world,2023-09-21,2658,44,096f3cb2-586e-11ee-ada8-83977e29de93,https://pdst.fm/e/pscrb.fm/rss/p/traffic.megaphone.fm/TBS7383450605.mp3?updated=1695372807,https://podcasts.apple.com/jp/podcast/25-welcome-to-ntr-world/id1680512344?i=1000628687404&uo=4
26,前田、怒る,2023-09-28,2944,49,67de171a-5de5-11ee-963f-4fe10b93a6d7,https://pdst.fm/e/pscrb.fm/rss/p/traffic.megaphone.fm/TBS2124703917.mp3?updated=1696152144,https://podcasts.apple.com/jp/podcast/26-%E5%89%8D%E7%94%B0-%E6%80%92%E3%82%8B/id1680512344?i=1000629500722&uo=4
27,狂乱のパーティー,2023-10-05,2546,42,30433c06-6365-11ee-9a50-5f60206e628a,https://pdst.fm/e/pscrb.fm/rss/p/traffic.megaphone.fm/TBS5368655416.mp3?updated=1696882916,https://podcasts.apple.com/jp/podcast/27-%E7%8B%82%E4%B9%B1%E3%81%AE%E3%83%91%E3%83%BC%E3%83%86%E3%82%A3%E3%83%BC/id1680512344?i=1000630293530&uo=4
28,繋いだその手を離さないで,2023-10-12,2914,49,789bcf30-68de-11ee-9806-c368974d5832,https://pdst.fm/e/pscrb.fm/rss/p/traffic.megaphone.fm/TBS3972840119.mp3?updated=1697162914,https://podcasts.apple.com/jp/podcast/28-%E7%B9%8B%E3%81%84%E3%81%A0%E3%81%9D%E3%81%AE%E6%89%8B%E3%82%92%E9%9B%A2%E3%81%95%E3%81%AA%E3%81%84%E3%81%A7/id1680512344?i=1000631069624&uo=4
29,大山、暴露される,2023-10-19,2726,45,0d3b75f4-6e62-11ee-8c9c-bfad234326dc,https://pdst.fm/e/pscrb.fm/rss/p/traffic.megaphone.fm/TBS3120159528.mp3?updated=1697708564,https://podcasts.apple.com/jp/podcast/29-%E5%A4%A7%E5%B1%B1-%E6%9A%B4%E9%9C%B2%E3%81%95%E3%82%8C%E3%82%8B/id1680512344?i=1000631847800&uo=4
30,"大山くんドキドキの初撮り// ""白肌の天使"" デビュー",2023-10-26,2872,48,b3c127aa-73eb-11ee-9738-87bd28cfaedf,https://pdst.fm/e/pscrb.fm/rss/p/traffic.megaphone.fm/TBS3517058952.mp3?updated=1698321306,https://podcasts.apple.com/jp/podcast/30-%E5%A4%A7%E5%B1%B1%E3%81%8F%E3%82%93%E3%83%89%E3%82%AD%E3%83%89%E3%82%AD%E3%81%AE%E5%88%9D%E6%92%AE%E3%82%8A-%E7%99%BD%E8%82%8C%E3%81%AE%E5%A4%A9%E4%BD%BF-%E3%83%87%E3%83%93%E3%83%A5%E3%83%BC/id1680512344?i=1000632686186&uo=4
31,うるせえだろ。病み上がりなんだぜ。それで・・,2023-11-02,2617,44,9d498df4-797d-11ee-b1a2-5b3e91fdadbe,https://pdst.fm/e/pscrb.fm/rss/p/traffic.megaphone.fm/TBS9602795418.mp3?updated=1699061688,https://podcasts.apple.com/jp/podcast/31-%E3%81%86%E3%82%8B%E3%81%9B%E3%81%88%E3%81%A0%E3%82%8D-%E7%97%85%E3%81%BF%E4%B8%8A%E3%81%8C%E3%82%8A%E3%81%AA%E3%82%93%E3%81%A0%E3%81%9C-%E3%81%9D%E3%82%8C%E3%81%A7/id1680512344?i=1000633470358&uo=4
32,陰謀論は踊る,2023-11-09,2695,45,a016eab6-7ee8-11ee-8b5a-075798a97ebd,https://pdst.fm/e/pscrb.fm/rss/p/traffic.megaphone.fm/TBS9370543840.mp3?updated=1699893145,https://podcasts.apple.com/jp/podcast/32-%E9%99%B0%E8%AC%80%E8%AB%96%E3%81%AF%E8%B8%8A%E3%82%8B/id1680512344?i=1000634245677&uo=4
33,火薬の匂いが立ち込める,2023-11-16,2719,45,9fd91ec0-846a-11ee-89b7-5308b34cc23c,https://pdst.fm/e/pscrb.fm/rss/p/traffic.megaphone.fm/TBS5638173853.mp3?updated=1700464083,https://podcasts.apple.com/jp/podcast/33-%E7%81%AB%E8%96%AC%E3%81%AE%E5%8C%82%E3%81%84%E3%81%8C%E7%AB%8B%E3%81%A1%E8%BE%BC%E3%82%81%E3%82%8B/id1680512344?i=1000635024864&uo=4
34,そしてオタクは旅に出た,2023-11-23,2682,45,c1011bda-89eb-11ee-9c6a-d38e057dd61f,https://pdst.fm/e/pscrb.fm/rss/p/traffic.megaphone.fm/TBS9166494687.mp3?updated=1700765843,https://podcasts.apple.com/jp/podcast/34-%E3%81%9D%E3%81%97%E3%81%A6%E3%82%AA%E3%82%BF%E3%82%AF%E3%81%AF%E6%97%85%E3%81%AB%E5%87%BA%E3%81%9F/id1680512344?i=1000635783920&uo=4
35,開戦 〜M-1グランプリ2023 VS 櫻坂46 3rd YEAR ANNIVERSARY LIVE〜,2023-11-30,3002,50,c7fb1da6-8f62-11ee-b319-afd6cfbc41a2,https://pdst.fm/e/pscrb.fm/rss/p/traffic.megaphone.fm/TBS5806427586.mp3?updated=1701901168,https://podcasts.apple.com/jp/podcast/35-%E9%96%8B%E6%88%A6-m-1%E3%82%B0%E3%83%A9%E3%83%B3%E3%83%97%E3%83%AA2023-vs-%E6%AB%BB%E5%9D%8246-3rd-year-anniversary-live/id1680512344?i=1000637025602&uo=4
36,愛の咆哮、そして誓い,2023-12-07,3504,58,402d20da-94ef-11ee-8dd3-cfd31a662208,https://pdst.fm/e/pscrb.fm/rss/p/traffic.megaphone.fm/TBS6627424751.mp3?updated=1703140272,https://podcasts.apple.com/jp/podcast/36-%E6%84%9B%E3%81%AE%E5%92%86%E5%93%AE-%E3%81%9D%E3%81%97%E3%81%A6%E8%AA%93%E3%81%84/id1680512344?i=1000637796797&uo=4
37,殺意が街にやってくる,2023-12-14,3011,50,c85b4d14-9a6d-11ee-9d88-97328278d509,https://pdst.fm/e/pscrb.fm/rss/p/traffic.megaphone.fm/TBS4674390129.mp3?updated=1703140342,https://podcasts.apple.com/jp/podcast/37-%E6%AE%BA%E6%84%8F%E3%81%8C%E8%A1%97%E3%81%AB%E3%82%84%E3%81%A3%E3%81%A6%E3%81%8F%E3%82%8B/id1680512344?i=1000638543940&uo=4
38,クリスマスに銃声は聞きたくないよ,2023-12-21,3372,56,9a425fde-9fc8-11ee-a435-23f96d169655,https://pdst.fm/e/pscrb.fm/rss/p/traffic.megaphone.fm/TBS5825526225.mp3?updated=1703140415,https://podcasts.apple.com/jp/podcast/38-%E3%82%AF%E3%83%AA%E3%82%B9%E3%83%9E%E3%82%B9%E3%81%AB%E9%8A%83%E5%A3%B0%E3%81%AF%E8%81%9E%E3%81%8D%E3%81%9F%E3%81%8F%E3%81%AA%E3%81%84%E3%82%88/id1680512344?i=1000639316810&uo=4
39,怯えて暮らした日々の終わりに,2023-12-28,3209,53,5c6797b2-a566-11ee-a20c-6718a7cf65ce,https://pdst.fm/e/pscrb.fm/rss/p/traffic.megaphone.fm/TBS5946743095.mp3?updated=1704414076,https://podcasts.apple.com/jp/podcast/39-%E6%80%AF%E3%81%88%E3%81%A6%E6%9A%AE%E3%82%89%E3%81%97%E3%81%9F%E6%97%A5%E3%80%85%E3%81%AE%E7%B5%82%E3%82%8F%E3%82%8A%E3%81%AB/id1680512344?i=1000639900579&uo=4
40,Never Ending Story 〜青春の輝き〜,2024-01-04,3455,58,032c6682-aad9-11ee-8212-5f520722b7b6,https://pdst.fm/e/pscrb.fm/rss/p/traffic.megaphone.fm/TBS7199968460.mp3?updated=1704414183,https://podcasts.apple.com/jp/podcast/40-never-ending-story-%E9%9D%92%E6%98%A5%E3%81%AE%E8%BC%9D%E3%81%8D/id1680512344?i=1000640521605&uo=4
41,俺たちの松崎克俊、ラブリースマイリーベイビー、そして・・石仮面,2024-01-11,3304,55,7cd94b62-b056-11ee-b628-9fd61a00c6f4,https://pdst.fm/e/pscrb.fm/rss/p/traffic.megaphone.fm/TBS6907819680.mp3?updated=1706225664,https://podcasts.apple.com/jp/podcast/41-%E4%BF%BA%E3%81%9F%E3%81%A1%E3%81%AE%E6%9D%BE%E5%B4%8E%E5%85%8B%E4%BF%8A-%E3%83%A9%E3%83%96%E3%83%AA%E3%83%BC%E3%82%B9%E3%83%9E%E3%82%A4%E3%83%AA%E3%83%BC%E3%83%99%E3%82%A4%E3%83%93%E3%83%BC-%E3%81%9D%E3%81%97%E3%81%A6-%E7%9F%B3%E4%BB%AE%E9%9D%A2/id1680512344?i=1000641284844&uo=4
42,ジレンマにようこそ,2024-01-18,2974,50,0ab5c7a8-b5ed-11ee-a4f8-f337fc67d97c,https://pdst.fm/e/pscrb.fm/rss/p/traffic.megaphone.fm/TBS9279670229.mp3?updated=1706227890,https://podcasts.apple.com/jp/podcast/42-%E3%82%B8%E3%83%AC%E3%83%B3%E3%83%9E%E3%81%AB%E3%82%88%E3%81%86%E3%81%93%E3%81%9D/id1680512344?i=1000642080222&uo=4
43,唯衣ちゃんずっと応援してるよ,2024-01-25,2558,43,2b2d4cbe-bb64-11ee-91df-7b895b82f5b5,https://pdst.fm/e/pscrb.fm/rss/p/traffic.megaphone.fm/TBS9737807368.mp3?updated=1706228221,https://podcasts.apple.com/jp/podcast/43-%E5%94%AF%E8%A1%A3%E3%81%A1%E3%82%83%E3%82%93%E3%81%9A%E3%81%A3%E3%81%A8%E5%BF%9C%E6%8F%B4%E3%81%97%E3%81%A6%E3%82%8B%E3%82%88/id1680512344?i=1000642890518&uo=4
44,お前は芸人をやってたほうがいいよ,2024-02-01,2804,47,2c051e9c-c0ea-11ee-b779-0ff50e6698c2,https://pdst.fm/e/pscrb.fm/rss/p/traffic.megaphone.fm/TBS3965951231.mp3?updated=1706800761,https://podcasts.apple.com/jp/podcast/44-%E3%81%8A%E5%89%8D%E3%81%AF%E8%8A%B8%E4%BA%BA%E3%82%92%E3%82%84%E3%81%A3%E3%81%A6%E3%81%9F%E3%81%BB%E3%81%86%E3%81%8C%E3%81%84%E3%81%84%E3%82%88/id1680512344?i=1000643782515&uo=4
45,祝福が嵐,2024-02-08,2445,41,9fd41f98-c66d-11ee-b878-831e12fc0806,https://pdst.fm/e/pscrb.fm/rss/p/traffic.megaphone.fm/TBS1807676513.mp3?updated=1772109824,https://podcasts.apple.com/jp/podcast/45-%E7%A5%9D%E7%A6%8F%E3%81%8C%E5%B5%90/id1680512344?i=1000644617577&uo=4
46,シンクロニシティ〜共時性がいっぱい〜,2024-02-15,2603,43,b2308a3a-cbe7-11ee-8e4e-27eab21c8e83,https://pdst.fm/e/pscrb.fm/rss/p/traffic.megaphone.fm/TBS9327245788.mp3?updated=1707990951,https://podcasts.apple.com/jp/podcast/46-%E3%82%B7%E3%83%B3%E3%82%AF%E3%83%AD%E3%83%8B%E3%82%B7%E3%83%86%E3%82%A3-%E5%85%B1%E6%99%82%E6%80%A7%E3%81%8C%E3%81%84%E3%81%A3%E3%81%B1%E3%81%84/id1680512344?i=1000645430826&uo=4
47,裏切りの夜／愛ゆえに物申す,2024-02-22,3174,53,6282c8b0-d16c-11ee-bbf6-23674fd96e44,https://pdst.fm/e/pscrb.fm/rss/p/traffic.megaphone.fm/TBS6777271249.mp3?updated=1708597696,https://podcasts.apple.com/jp/podcast/47-%E8%A3%8F%E5%88%87%E3%82%8A%E3%81%AE%E5%A4%9C-%E6%84%9B%E3%82%86%E3%81%88%E3%81%AB%E7%89%A9%E7%94%B3%E3%81%99/id1680512344?i=1000646378643&uo=4
48,男たちは泣いた,2024-02-29,2862,48,c401e700-d6e5-11ee-9e03-07fcf69f9ad1,https://pdst.fm/e/pscrb.fm/rss/p/traffic.megaphone.fm/TBS2849949410.mp3?updated=1709199584,https://podcasts.apple.com/jp/podcast/48-%E7%94%B7%E3%81%9F%E3%81%A1%E3%81%AF%E6%B3%A3%E3%81%84%E3%81%9F/id1680512344?i=1000647510097&uo=4
49,地獄の甲子園,2024-03-07,2630,44,75da5d42-dc61-11ee-9dd5-ef246bcc6565,https://pdst.fm/e/pscrb.fm/rss/p/traffic.megaphone.fm/TBS8603176593.mp3?updated=1709802466,https://podcasts.apple.com/jp/podcast/49-%E5%9C%B0%E7%8D%84%E3%81%AE%E7%94%B2%E5%AD%90%E5%9C%92/id1680512344?i=1000648333272&uo=4
50,勝利の美酒で乾杯を,2024-03-14,3116,52,2543074e-e1e8-11ee-b449-472552bf0aa2,https://pdst.fm/e/pscrb.fm/rss/p/traffic.megaphone.fm/TBS2321196755.mp3?updated=1710410069,https://podcasts.apple.com/jp/podcast/50-%E5%8B%9D%E5%88%A9%E3%81%AE%E7%BE%8E%E9%85%92%E3%81%A7%E4%B9%BE%E6%9D%AF%E3%82%92/id1680512344?i=1000649177166&uo=4
51,この撒いた種をいつか咲かせないと駄目だよ,2024-03-21,3377,56,d80c1136-e756-11ee-b91b-bff207e9b8a8,https://pdst.fm/e/pscrb.fm/rss/p/traffic.megaphone.fm/TBS2699359146.mp3?updated=1711007370,https://podcasts.apple.com/jp/podcast/51-%E3%81%93%E3%81%AE%E6%92%92%E3%81%84%E3%81%9F%E7%A8%AE%E3%82%92%E3%81%84%E3%81%A4%E3%81%8B%E5%92%B2%E3%81%8B%E3%81%9B%E3%81%AA%E3%81%84%E3%81%A8%E9%A7%84%E7%9B%AE%E3%81%A0%E3%82%88/id1680512344?i=1000649978813&uo=4
52,ワールズ・エンド,2024-03-28,2086,35,694c52c4-ecd3-11ee-8a1b-9fac7d3a97ef,https://pdst.fm/e/pscrb.fm/rss/p/traffic.megaphone.fm/TBS4988239882.mp3?updated=1711761961,https://podcasts.apple.com/jp/podcast/52-%E3%83%AF%E3%83%BC%E3%83%AB%E3%82%BA-%E3%82%A8%E3%83%B3%E3%83%89/id1680512344?i=1000650713679&uo=4
53,修羅と桜,2024-04-04,2580,43,78dd6510-f265-11ee-b4f8-2bb25bc902e1,https://pdst.fm/e/pscrb.fm/rss/p/traffic.megaphone.fm/TBS3023077816.mp3?updated=1712223115,https://podcasts.apple.com/jp/podcast/53-%E4%BF%AE%E7%BE%85%E3%81%A8%E6%A1%9C/id1680512344?i=1000651407715&uo=4
54,パニック！パニック！パニック！,2024-04-11,2646,44,d5075728-f7de-11ee-9609-a7e7408d03ff,https://pdst.fm/e/pscrb.fm/rss/p/traffic.megaphone.fm/TBS7809373679.mp3?updated=1712824995,https://podcasts.apple.com/jp/podcast/54-%E3%83%91%E3%83%8B%E3%83%83%E3%82%AF-%E3%83%91%E3%83%8B%E3%83%83%E3%82%AF-%E3%83%91%E3%83%8B%E3%83%83%E3%82%AF/id1680512344?i=1000652127720&uo=4
55,遺産相続はもめる,2024-04-18,2333,39,6ff28728-fd64-11ee-bc36-3ba861e61729,https://pdst.fm/e/pscrb.fm/rss/p/traffic.megaphone.fm/TBS3171421919.mp3?updated=1713432132,https://podcasts.apple.com/jp/podcast/55-%E9%81%BA%E7%94%A3%E7%9B%B8%E7%B6%9A%E3%81%AF%E3%82%82%E3%82%81%E3%82%8B/id1680512344?i=1000652844739&uo=4
56,銀幕が君を待っている,2024-04-25,2967,49,9a991a66-02df-11ef-bf5f-e726a33c21bd,https://pdst.fm/e/pscrb.fm/rss/p/traffic.megaphone.fm/TBS7925107392.mp3?updated=1714034788,https://podcasts.apple.com/jp/podcast/56-%E9%8A%80%E5%B9%95%E3%81%8C%E5%90%9B%E3%82%92%E5%BE%85%E3%81%A3%E3%81%A6%E3%81%84%E3%82%8B/id1680512344?i=1000653561952&uo=4
57,いつだって俺は真剣にフゥワアアア,2024-05-02,2750,46,6f46b75e-0868-11ef-be31-6fc9b06bb544,https://pdst.fm/e/pscrb.fm/rss/p/traffic.megaphone.fm/TBS3342636964.mp3?updated=1714643313,https://podcasts.apple.com/jp/podcast/57-%E3%81%84%E3%81%A4%E3%81%A0%E3%81%A3%E3%81%A6%E4%BF%BA%E3%81%AF%E7%9C%9F%E5%89%A3%E3%81%AB%E3%83%95%E3%82%A5%E3%83%AF%E3%82%A2%E3%82%A2%E3%82%A2/id1680512344?i=1000654301403&uo=4
58,蛙亭中野センセイのイラスト教室,2024-05-09,3093,52,97390cde-0df0-11ef-a9f7-0f8daeede469,https://pdst.fm/e/pscrb.fm/rss/p/traffic.megaphone.fm/TBS1666481341.mp3?updated=1715251547,https://podcasts.apple.com/jp/podcast/58-%E8%9B%99%E4%BA%AD%E4%B8%AD%E9%87%8E%E3%82%BB%E3%83%B3%E3%82%BB%E3%82%A4%E3%81%AE%E3%82%A4%E3%83%A9%E3%82%B9%E3%83%88%E6%95%99%E5%AE%A4/id1680512344?i=1000655041710&uo=4
59,カラタチ出禁！,2024-05-16,2660,44,a90956c4-136a-11ef-af40-b3732922b783,https://pdst.fm/e/pscrb.fm/rss/p/traffic.megaphone.fm/TBS2452595717.mp3?updated=1715853731,https://podcasts.apple.com/jp/podcast/59-%E3%82%AB%E3%83%A9%E3%82%BF%E3%83%81%E5%87%BA%E7%A6%81/id1680512344?i=1000655779434&uo=4
60,胸に空いた穴,2024-05-23,2192,37,9ae90544-18e2-11ef-8837-7f295e9e9d30,https://pdst.fm/e/pscrb.fm/rss/p/traffic.megaphone.fm/TBS5615440427.mp3?updated=1716455002,https://podcasts.apple.com/jp/podcast/60-%E8%83%B8%E3%81%AB%E7%A9%BA%E3%81%84%E3%81%9F%E7%A9%B4/id1680512344?i=1000656494953&uo=4
61,都市開発と環境保全,2024-05-30,3170,53,497375ac-1e62-11ef-8270-2359a144ed81,https://pdst.fm/e/pscrb.fm/rss/p/traffic.megaphone.fm/TBS6014768896.mp3?updated=1717074818,https://podcasts.apple.com/jp/podcast/61-%E9%83%BD%E5%B8%82%E9%96%8B%E7%99%BA%E3%81%A8%E7%92%B0%E5%A2%83%E4%BF%9D%E5%85%A8/id1680512344?i=1000657271560&uo=4
62,都会は噂でいっぱい,2024-06-06,2234,37,70e5a40c-23d5-11ef-9ac9-cb34d4b0aa07,https://pdst.fm/e/pscrb.fm/rss/p/traffic.megaphone.fm/TBS4588175294.mp3?updated=1717676756,https://podcasts.apple.com/jp/podcast/62-%E9%83%BD%E4%BC%9A%E3%81%AF%E5%99%82%E3%81%A7%E3%81%84%E3%81%A3%E3%81%B1%E3%81%84/id1680512344?i=1000658031827&uo=4
63,bamboo先生、エロゲが作りたいです,2024-06-13,4379,73,19af6d20-297b-11ef-a052-972197567273,https://pdst.fm/e/pscrb.fm/rss/p/traffic.megaphone.fm/TBS1853721247.mp3?updated=1718279718,https://podcasts.apple.com/jp/podcast/63-bamboo%E5%85%88%E7%94%9F-%E3%82%A8%E3%83%AD%E3%82%B2%E3%81%8C%E4%BD%9C%E3%82%8A%E3%81%9F%E3%81%84%E3%81%A7%E3%81%99/id1680512344?i=1000658899976&uo=4
64,カラタチ VS 金魚番長 〜死を呼ぶセルゲーム〜,2024-06-20,4311,72,abc89646-2ee9-11ef-8019-fb7b9d7deb14,https://pdst.fm/e/pscrb.fm/rss/p/traffic.megaphone.fm/TBS4808054155.mp3?updated=1718973693,https://podcasts.apple.com/jp/podcast/64-%E3%82%AB%E3%83%A9%E3%82%BF%E3%83%81-vs-%E9%87%91%E9%AD%9A%E7%95%AA%E9%95%B7-%E6%AD%BB%E3%82%92%E5%91%BC%E3%81%B6%E3%82%BB%E3%83%AB%E3%82%B2%E3%83%BC%E3%83%A0/id1680512344?i=1000659621601&uo=4
65,シシガシラ脇田の救済 〜帰ってこい大山〜,2024-06-27,3838,64,bc927466-3474-11ef-ae78-87b242123dae,https://pdst.fm/e/pscrb.fm/rss/p/traffic.megaphone.fm/TBS3987399570.mp3?updated=1719486447,https://podcasts.apple.com/jp/podcast/65-%E3%82%B7%E3%82%B7%E3%82%AC%E3%82%B7%E3%83%A9%E8%84%87%E7%94%B0%E3%81%AE%E6%95%91%E6%B8%88-%E5%B8%B0%E3%81%A3%E3%81%A6%E3%81%93%E3%81%84%E5%A4%A7%E5%B1%B1/id1680512344?i=1000660423708&uo=4
66,前田がずっと好きだった 〜やさしいズ タイの献身〜,2024-07-04,3006,50,a82080c4-39f9-11ef-81dc-bb488c5540e5,https://pdst.fm/e/pscrb.fm/rss/p/traffic.megaphone.fm/TBS5944101406.mp3?updated=1720145092,https://podcasts.apple.com/jp/podcast/66-%E5%89%8D%E7%94%B0%E3%81%8C%E3%81%9A%E3%81%A3%E3%81%A8%E5%A5%BD%E3%81%8D%E3%81%A0%E3%81%A3%E3%81%9F-%E3%82%84%E3%81%95%E3%81%97%E3%81%84%E3%82%BA-%E3%82%BF%E3%82%A4%E3%81%AE%E7%8C%AE%E8%BA%AB/id1680512344?i=1000661141284&uo=4
67,俺とお前は家族だろうが！,2024-07-11,4011,67,c5c10410-3f84-11ef-b1f3-c3556b05c52d,https://pdst.fm/e/pscrb.fm/rss/p/traffic.megaphone.fm/TBS9390858939.mp3?updated=1720702797,https://podcasts.apple.com/jp/podcast/67-%E4%BF%BA%E3%81%A8%E3%81%8A%E5%89%8D%E3%81%AF%E5%AE%B6%E6%97%8F%E3%81%A0%E3%82%8D%E3%81%86%E3%81%8C/id1680512344?i=1000661906218&uo=4
68,一瞬の邂逅／童貞お笑い前夜,2024-07-18,3208,53,f54fa708-4502-11ef-945d-f771c022bb88,https://pdst.fm/e/pscrb.fm/rss/p/traffic.megaphone.fm/TBS2092766145.mp3?updated=1721306749,https://podcasts.apple.com/jp/podcast/68-%E4%B8%80%E7%9E%AC%E3%81%AE%E9%82%82%E9%80%85-%E7%AB%A5%E8%B2%9E%E3%81%8A%E7%AC%91%E3%81%84%E5%89%8D%E5%A4%9C/id1680512344?i=1000662632798&uo=4
69,推しに夢中で何が悪い！／カラタチ最果てフェス開催,2024-07-25,2405,40,bce3bc50-4a67-11ef-9291-b3e6ffd2a383,https://pdst.fm/e/pscrb.fm/rss/p/traffic.megaphone.fm/TBS6659688618.mp3?updated=1721901611,https://podcasts.apple.com/jp/podcast/69-%E6%8E%A8%E3%81%97%E3%81%AB%E5%A4%A2%E4%B8%AD%E3%81%A7%E4%BD%95%E3%81%8C%E6%82%AA%E3%81%84-%E3%82%AB%E3%83%A9%E3%82%BF%E3%83%81%E6%9C%80%E6%9E%9C%E3%81%A6%E3%83%95%E3%82%A7%E3%82%B9%E9%96%8B%E5%82%AC/id1680512344?i=1000663308740&uo=4
70,ワーキャーで行こう！,2024-08-01,3388,56,f75747aa-4fe2-11ef-bc30-6373e3179dac,https://pdst.fm/e/pscrb.fm/rss/p/traffic.megaphone.fm/TBS3859402160.mp3?updated=1722524583,https://podcasts.apple.com/jp/podcast/70-%E3%83%AF%E3%83%BC%E3%82%AD%E3%83%A3%E3%83%BC%E3%81%A7%E8%A1%8C%E3%81%93%E3%81%86/id1680512344?i=1000664022381&uo=4
71,M-1が始まる 〜ハンコ注射とヒマワリ畑に向けて〜,2024-08-08,2727,45,e11d6624-5576-11ef-a9ec-cb38913b358b,https://pdst.fm/e/pscrb.fm/rss/p/traffic.megaphone.fm/TBS1630697575.mp3?updated=1723128381,https://podcasts.apple.com/jp/podcast/71-m-1%E3%81%8C%E5%A7%8B%E3%81%BE%E3%82%8B-%E3%83%8F%E3%83%B3%E3%82%B3%E6%B3%A8%E5%B0%84%E3%81%A8%E3%83%92%E3%83%9E%E3%83%AF%E3%83%AA%E7%95%91%E3%81%AB%E5%90%91%E3%81%91%E3%81%A6/id1680512344?i=1000664716186&uo=4
72,大阪・武者修行の旅,2024-08-15,2107,35,38dcc8c8-5aea-11ef-820a-b796930ec392,https://pdst.fm/e/pscrb.fm/rss/p/traffic.megaphone.fm/TBS3210937971.mp3?updated=1723715051,https://podcasts.apple.com/jp/podcast/72-%E5%A4%A7%E9%98%AA-%E6%AD%A6%E8%80%85%E4%BF%AE%E8%A1%8C%E3%81%AE%E6%97%85/id1680512344?i=1000665438492&uo=4
73,13連勤の果てに,2024-08-22,1621,27,b324d174-6077-11ef-a92a-67bab587a731,https://pdst.fm/e/pscrb.fm/rss/p/traffic.megaphone.fm/TBS2336926471.mp3?updated=1724325578,https://podcasts.apple.com/jp/podcast/73-13%E9%80%A3%E5%8B%A4%E3%81%AE%E6%9E%9C%E3%81%A6%E3%81%AB/id1680512344?i=1000666235326&uo=4
74,14年前に夢を持ってNSCに入った,2024-08-29,3140,52,91998bd4-6604-11ef-b8f3-17b4cb129c01,https://pdst.fm/e/pscrb.fm/rss/p/traffic.megaphone.fm/TBS7788871343.mp3?updated=1724935829,https://podcasts.apple.com/jp/podcast/74-14%E5%B9%B4%E5%89%8D%E3%81%AB%E5%A4%A2%E3%82%92%E6%8C%81%E3%81%A3%E3%81%A6nsc%E3%81%AB%E5%85%A5%E3%81%A3%E3%81%9F/id1680512344?i=1000667135807&uo=4
75,芸人がいっぱい,2024-09-05,2959,49,f50da138-6b7b-11ef-87e4-fbc6788f8909,https://pdst.fm/e/pscrb.fm/rss/p/traffic.megaphone.fm/TBS4256702253.mp3?updated=1725536882,https://podcasts.apple.com/jp/podcast/75-%E8%8A%B8%E4%BA%BA%E3%81%8C%E3%81%84%E3%81%A3%E3%81%B1%E3%81%84/id1680512344?i=1000668466530&uo=4
76,みんなの性事情がばらされてく,2024-09-12,2756,46,160185ac-7109-11ef-9025-f3bb699c239e,https://pdst.fm/e/pscrb.fm/rss/p/traffic.megaphone.fm/TBS5143525687.mp3?updated=1726147237,https://podcasts.apple.com/jp/podcast/76-%E3%81%BF%E3%82%93%E3%81%AA%E3%81%AE%E6%80%A7%E4%BA%8B%E6%83%85%E3%81%8C%E3%81%B0%E3%82%89%E3%81%95%E3%82%8C%E3%81%A6%E3%81%8F/id1680512344?i=1000669298520&uo=4
77,最果てリスナーがいっぱい,2024-09-19,2484,41,1bf16318-7688-11ef-a808-cbcf1f4e799e,https://pdst.fm/e/pscrb.fm/rss/p/traffic.megaphone.fm/TBS4558367359.mp3?updated=1726751544,https://podcasts.apple.com/jp/podcast/77-%E6%9C%80%E6%9E%9C%E3%81%A6%E3%83%AA%E3%82%B9%E3%83%8A%E3%83%BC%E3%81%8C%E3%81%84%E3%81%A3%E3%81%B1%E3%81%84/id1680512344?i=1000670051770&uo=4
78,やったね唯衣ちゃん,2024-09-26,2420,40,771f1546-7c0a-11ef-9e02-5720e0057381,https://pdst.fm/e/pscrb.fm/rss/p/traffic.megaphone.fm/TBS2895198992.mp3?updated=1727357288,https://podcasts.apple.com/jp/podcast/78-%E3%82%84%E3%81%A3%E3%81%9F%E3%81%AD%E5%94%AF%E8%A1%A3%E3%81%A1%E3%82%83%E3%82%93/id1680512344?i=1000670785963&uo=4
79,阿鼻叫喚ふたたび,2024-10-03,2822,47,43c9ad8e-8180-11ef-a009-b38a725078df,https://pdst.fm/e/pscrb.fm/rss/p/traffic.megaphone.fm/TBS7632868661.mp3?updated=1727957658,https://podcasts.apple.com/jp/podcast/79-%E9%98%BF%E9%BC%BB%E5%8F%AB%E5%96%9A%E3%81%B5%E3%81%9F%E3%81%9F%E3%81%B3/id1680512344?i=1000671664867&uo=4
80,引き寄せの法則,2024-10-10,2382,40,912ced54-8692-11ef-82c5-fb8067a134c3,https://pdst.fm/e/pscrb.fm/rss/p/traffic.megaphone.fm/TBS5313042859.mp3?updated=1728515254,https://podcasts.apple.com/jp/podcast/80-%E5%BC%95%E3%81%8D%E5%AF%84%E3%81%9B%E3%81%AE%E6%B3%95%E5%89%87/id1680512344?i=1000672490859&uo=4
81,光,2024-10-17,2496,42,0e7dd68e-8c7d-11ef-befb-4b50cff292c2,https://pdst.fm/e/pscrb.fm/rss/p/traffic.megaphone.fm/TBS8971421243.mp3?updated=1729165723,https://podcasts.apple.com/jp/podcast/81-%E5%85%89/id1680512344?i=1000673432959&uo=4
82,キスしてほしい（フゥー・フゥー・フゥー）,2024-10-24,2572,43,765811ea-920c-11ef-ac74-a7e773f337cb,https://pdst.fm/e/pscrb.fm/rss/p/traffic.megaphone.fm/TBS2446339810.mp3?updated=1729777091,https://podcasts.apple.com/jp/podcast/82-%E3%82%AD%E3%82%B9%E3%81%97%E3%81%A6%E3%81%BB%E3%81%97%E3%81%84-%E3%83%95%E3%82%A5%E3%83%BC-%E3%83%95%E3%82%A5%E3%83%BC-%E3%83%95%E3%82%A5%E3%83%BC/id1680512344?i=1000674301821&uo=4
83,メロメロ！マイメロ君！ 〜母胎回帰と人形遣い〜,2024-10-31,3154,53,6ca6c88a-9789-11ef-81fb-8faf63e2de9e,https://pdst.fm/e/pscrb.fm/rss/p/traffic.megaphone.fm/TBS8296048727.mp3?updated=1730380498,https://podcasts.apple.com/jp/podcast/83-%E3%83%A1%E3%83%AD%E3%83%A1%E3%83%AD-%E3%83%9E%E3%82%A4%E3%83%A1%E3%83%AD%E5%90%9B-%E6%AF%8D%E8%83%8E%E5%9B%9E%E5%B8%B0%E3%81%A8%E4%BA%BA%E5%BD%A2%E9%81%A3%E3%81%84/id1680512344?i=1000675211011&uo=4
84,俳優・前田の憂鬱,2024-11-07,2110,35,20fd6d62-9d0b-11ef-bef8-275c4a2ac4c1,https://pdst.fm/e/pscrb.fm/rss/p/traffic.megaphone.fm/TBS9724092791.mp3?updated=1730985982,https://podcasts.apple.com/jp/podcast/84-%E4%BF%B3%E5%84%AA-%E5%89%8D%E7%94%B0%E3%81%AE%E6%86%82%E9%AC%B1/id1680512344?i=1000676067205&uo=4
85,俺はM-1優勝、目指してんだよッ！！,2024-11-14,2516,42,4b3d00da-a281-11ef-a15e-2b037d0edd9a,https://pdst.fm/e/pscrb.fm/rss/p/traffic.megaphone.fm/TBS5545243098.mp3?updated=1731588200,https://podcasts.apple.com/jp/podcast/85-%E4%BF%BA%E3%81%AFm-1%E5%84%AA%E5%8B%9D-%E7%9B%AE%E6%8C%87%E3%81%97%E3%81%A6%E3%82%93%E3%81%A0%E3%82%88%E3%83%83/id1680512344?i=1000676947035&uo=4
86,引き寄せは加速する！！,2024-11-21,2487,41,1f5abff0-a7e2-11ef-b877-975d92e3b9c0,https://pdst.fm/e/pscrb.fm/rss/p/traffic.megaphone.fm/TBS5963346116.mp3?updated=1732177832,https://podcasts.apple.com/jp/podcast/86-%E5%BC%95%E3%81%8D%E5%AF%84%E3%81%9B%E3%81%AF%E5%8A%A0%E9%80%9F%E3%81%99%E3%82%8B/id1680512344?i=1000677754572&uo=4
87,面白いんだよ、ずっと 〜カラタチ、M-1準決勝進出〜,2024-11-28,3563,59,537a1b08-ad93-11ef-bff3-17ee7c6b89fd,https://pdst.fm/e/pscrb.fm/rss/p/traffic.megaphone.fm/TBS5933190269.mp3?updated=1732803676,https://podcasts.apple.com/jp/podcast/87-%E9%9D%A2%E7%99%BD%E3%81%84%E3%82%93%E3%81%A0%E3%82%88-%E3%81%9A%E3%81%A3%E3%81%A8-%E3%82%AB%E3%83%A9%E3%82%BF%E3%83%81-m-1%E6%BA%96%E6%B1%BA%E5%8B%9D%E9%80%B2%E5%87%BA/id1680512344?i=1000678534030&uo=4
88,あの頃、誰も想像できなかった未来の中で,2024-12-05,2598,43,cc58c020-b2e7-11ef-b5a2-e79fb07559e4,https://pdst.fm/e/pscrb.fm/rss/p/traffic.megaphone.fm/TBS2673180180.mp3?updated=1733389712,https://podcasts.apple.com/jp/podcast/88-%E3%81%82%E3%81%AE%E9%A0%83-%E8%AA%B0%E3%82%82%E6%83%B3%E5%83%8F%E3%81%A7%E3%81%8D%E3%81%AA%E3%81%8B%E3%81%A3%E3%81%9F%E6%9C%AA%E6%9D%A5%E3%81%AE%E4%B8%AD%E3%81%A7/id1680512344?i=1000679331359&uo=4
89,人間、好き！ 〜M-1敗者復活に向けて〜,2024-12-12,2943,49,214272a6-b893-11ef-80fa-0f2f049d539b,https://pdst.fm/e/pscrb.fm/rss/p/traffic.megaphone.fm/TBS5647121903.mp3?updated=1734013075,https://podcasts.apple.com/jp/podcast/89-%E4%BA%BA%E9%96%93-%E5%A5%BD%E3%81%8D-m-1%E6%95%97%E8%80%85%E5%BE%A9%E6%B4%BB%E3%81%AB%E5%90%91%E3%81%91%E3%81%A6/id1680512344?i=1000680144546&uo=4
90,お前しかいないんだよ！俺の前には,2024-12-19,2698,45,9661494e-bde9-11ef-8a5d-4fca478fefc8,https://pdst.fm/e/pscrb.fm/rss/p/traffic.megaphone.fm/TBS4038227554.mp3?updated=1734599944,https://podcasts.apple.com/jp/podcast/90-%E3%81%8A%E5%89%8D%E3%81%97%E3%81%8B%E3%81%84%E3%81%AA%E3%81%84%E3%82%93%E3%81%A0%E3%82%88-%E4%BF%BA%E3%81%AE%E5%89%8D%E3%81%AB%E3%81%AF/id1680512344?i=1000680949896&uo=4
91,M-1 アナザーストーリー 〜あの頃を思い出しながら〜,2024-12-26,2740,46,85995580-c374-11ef-930e-9bc73b09b5d7,https://pdst.fm/e/pscrb.fm/rss/p/traffic.megaphone.fm/TBS8511620073.mp3?updated=1735209371,https://podcasts.apple.com/jp/podcast/91-m-1-%E3%82%A2%E3%83%8A%E3%82%B6%E3%83%BC%E3%82%B9%E3%83%88%E3%83%BC%E3%83%AA%E3%83%BC-%E3%81%82%E3%81%AE%E9%A0%83%E3%82%92%E6%80%9D%E3%81%84%E5%87%BA%E3%81%97%E3%81%AA%E3%81%8C%E3%82%89/id1680512344?i=1000681736287&uo=4
92,迎春 〜怖いものがなくなった男たち〜,2025-01-02,3142,52,02957834-c8de-11ef-9983-274c1c8450e8,https://pdst.fm/e/pscrb.fm/rss/p/traffic.megaphone.fm/TBS8748460278.mp3?updated=1735815582,https://podcasts.apple.com/jp/podcast/92-%E8%BF%8E%E6%98%A5-%E6%80%96%E3%81%84%E3%82%82%E3%81%AE%E3%81%8C%E3%81%AA%E3%81%8F%E3%81%AA%E3%81%A3%E3%81%9F%E7%94%B7%E3%81%9F%E3%81%A1/id1680512344?i=1000682391303&uo=4
93,ダイヤの原石たち／カラタチ最果てフェス開催,2025-01-09,3581,60,1a94529e-ce91-11ef-9e57-f7ae9b69cb57,https://pdst.fm/e/pscrb.fm/rss/p/traffic.megaphone.fm/TBS6813637836.mp3?updated=1736431130,https://podcasts.apple.com/jp/podcast/93-%E3%83%80%E3%82%A4%E3%83%A4%E3%81%AE%E5%8E%9F%E7%9F%B3%E3%81%9F%E3%81%A1-%E3%82%AB%E3%83%A9%E3%82%BF%E3%83%81%E6%9C%80%E6%9E%9C%E3%81%A6%E3%83%95%E3%82%A7%E3%82%B9%E9%96%8B%E5%82%AC/id1680512344?i=1000683320534&uo=4
94,唯衣ちゃんが俺の人生を狂わせた・・価値のなかった・・俺の人生を・・！！,2025-01-16,2717,45,40224b6e-d400-11ef-b857-175338da0aff,https://pdst.fm/e/pscrb.fm/rss/p/traffic.megaphone.fm/TBS6821034149.mp3?updated=1737028623,https://podcasts.apple.com/jp/podcast/94-%E5%94%AF%E8%A1%A3%E3%81%A1%E3%82%83%E3%82%93%E3%81%8C%E4%BF%BA%E3%81%AE%E4%BA%BA%E7%94%9F%E3%82%92%E7%8B%82%E3%82%8F%E3%81%9B%E3%81%9F-%E4%BE%A1%E5%80%A4%E3%81%AE%E3%81%AA%E3%81%8B%E3%81%A3%E3%81%9F-%E4%BF%BA%E3%81%AE%E4%BA%BA%E7%94%9F%E3%82%92/id1680512344?i=1000684225238&uo=4
95,暴走しちゃうゾ,2025-01-23,2469,41,c904a610-d97e-11ef-bce0-1309cd969bc6,https://pdst.fm/e/pscrb.fm/rss/p/traffic.megaphone.fm/TBS8957805464.mp3?updated=1737632724,https://podcasts.apple.com/jp/podcast/95-%E6%9A%B4%E8%B5%B0%E3%81%97%E3%81%A1%E3%82%83%E3%81%86%E3%82%BE/id1680512344?i=1000685155437&uo=4
96,唯衣ちゃん目を覚ませッ！／いつかのムゲンダイドリーム,2025-01-30,3538,59,5b7ea382-df0c-11ef-adba-0fa1b3642224,https://pdst.fm/e/pscrb.fm/rss/p/traffic.megaphone.fm/TBS9972872888.mp3?updated=1738246261,https://podcasts.apple.com/jp/podcast/96-%E5%94%AF%E8%A1%A3%E3%81%A1%E3%82%83%E3%82%93%E7%9B%AE%E3%82%92%E8%A6%9A%E3%81%BE%E3%81%9B%E3%83%83-%E3%81%84%E3%81%A4%E3%81%8B%E3%81%AE%E3%83%A0%E3%82%B2%E3%83%B3%E3%83%80%E3%82%A4%E3%83%89%E3%83%AA%E3%83%BC%E3%83%A0/id1680512344?i=1000687137801&uo=4
97,同期のサクラ 〜何で生き残ってるんだろうな、俺たち〜,2025-02-06,3051,51,26832cd8-e48a-11ef-9fae-37b0adb7c838,https://pdst.fm/e/pscrb.fm/rss/p/traffic.megaphone.fm/TBS7815440113.mp3?updated=1738847068,https://podcasts.apple.com/jp/podcast/97-%E5%90%8C%E6%9C%9F%E3%81%AE%E3%82%B5%E3%82%AF%E3%83%A9-%E4%BD%95%E3%81%A7%E7%94%9F%E3%81%8D%E6%AE%8B%E3%81%A3%E3%81%A6%E3%82%8B%E3%82%93%E3%81%A0%E3%82%8D%E3%81%86%E3%81%AA-%E4%BF%BA%E3%81%9F%E3%81%A1/id1680512344?i=1000689632759&uo=4
98,まえだクン危機一髪！ ～仔猫ちゃんが大騒ぎ～,2025-02-13,2629,44,5073d1dc-e9fd-11ef-8398-83ee1db163ee,https://pdst.fm/e/pscrb.fm/rss/p/traffic.megaphone.fm/TBS4635826240.mp3?updated=1739534935,https://podcasts.apple.com/jp/podcast/98-%E3%81%BE%E3%81%88%E3%81%A0%E3%82%AF%E3%83%B3%E5%8D%B1%E6%A9%9F%E4%B8%80%E9%AB%AA-%E4%BB%94%E7%8C%AB%E3%81%A1%E3%82%83%E3%82%93%E3%81%8C%E5%A4%A7%E9%A8%92%E3%81%8E/id1680512344?i=1000691820705&uo=4
99,恥ずかしがり屋のチェリーボーイズ 〜後輩とイチモツとハンコ注射と〜,2025-02-20,2861,48,aef5eafc-ef79-11ef-b4b8-374f3c9eaca7,https://pdst.fm/e/pscrb.fm/rss/p/traffic.megaphone.fm/TBS4073385028.mp3?updated=1740049459,https://podcasts.apple.com/jp/podcast/99-%E6%81%A5%E3%81%9A%E3%81%8B%E3%81%97%E3%81%8C%E3%82%8A%E5%B1%8B%E3%81%AE%E3%83%81%E3%82%A7%E3%83%AA%E3%83%BC%E3%83%9C%E3%83%BC%E3%82%A4%E3%82%BA-%E5%BE%8C%E8%BC%A9%E3%81%A8%E3%82%A4%E3%83%81%E3%83%A2%E3%83%84%E3%81%A8%E3%83%8F%E3%83%B3%E3%82%B3%E6%B3%A8%E5%B0%84%E3%81%A8/id1680512344?i=1000694315851&uo=4
100,そして殴り合いは続く！！,2025-02-27,3748,62,862be6e2-f50c-11ef-927b-c32dc9a7f0f9,https://pdst.fm/e/pscrb.fm/rss/p/traffic.megaphone.fm/TBS8499687164.mp3?updated=1740662263,https://podcasts.apple.com/jp/podcast/100-%E3%81%9D%E3%81%97%E3%81%A6%E6%AE%B4%E3%82%8A%E5%90%88%E3%81%84%E3%81%AF%E7%B6%9A%E3%81%8F/id1680512344?i=1000696546047&uo=4
101,大阪芸人のオモチャは叫ぶ,2025-03-06,2812,47,d6bd033a-fa79-11ef-aeca-6b93e6025f14,https://pdst.fm/e/pscrb.fm/rss/p/traffic.megaphone.fm/TBS6706937703.mp3?updated=1741258989,https://podcasts.apple.com/jp/podcast/101-%E5%A4%A7%E9%98%AA%E8%8A%B8%E4%BA%BA%E3%81%AE%E3%82%AA%E3%83%A2%E3%83%81%E3%83%A3%E3%81%AF%E5%8F%AB%E3%81%B6/id1680512344?i=1000698070705&uo=4
102,きれいな水で生きれなかった人のために,2025-03-13,2859,48,d5757248-fff4-11ef-a6d3-8bc35c641391,https://pdst.fm/e/pscrb.fm/rss/p/traffic.megaphone.fm/TBS2112309404.mp3?updated=1741861570,https://podcasts.apple.com/jp/podcast/102-%E3%81%8D%E3%82%8C%E3%81%84%E3%81%AA%E6%B0%B4%E3%81%A7%E7%94%9F%E3%81%8D%E3%82%8C%E3%81%AA%E3%81%8B%E3%81%A3%E3%81%9F%E4%BA%BA%E3%81%AE%E3%81%9F%E3%82%81%E3%81%AB/id1680512344?i=1000699016399&uo=4
103,春の”性癖”開花宣言！／名古屋で君と出逢えたら,2025-03-20,2798,47,2f78637c-0568-11f0-b599-3b3ac0720a05,https://pdst.fm/e/pscrb.fm/rss/p/traffic.megaphone.fm/TBS2085666017.mp3?updated=1742460849,https://podcasts.apple.com/jp/podcast/103-%E6%98%A5%E3%81%AE-%E6%80%A7%E7%99%96-%E9%96%8B%E8%8A%B1%E5%AE%A3%E8%A8%80-%E5%90%8D%E5%8F%A4%E5%B1%8B%E3%81%A7%E5%90%9B%E3%81%A8%E5%87%BA%E9%80%A2%E3%81%88%E3%81%9F%E3%82%89/id1680512344?i=1000700093882&uo=4
104,芸歴14年目の宮崎凱旋／All Things Must Pass,2025-03-27,2888,48,970b53a0-0afe-11f0-8b3f-a340098755ff,https://pdst.fm/e/pscrb.fm/rss/p/traffic.megaphone.fm/TBS1746907593.mp3?updated=1743075223,https://podcasts.apple.com/jp/podcast/104-%E8%8A%B8%E6%AD%B414%E5%B9%B4%E7%9B%AE%E3%81%AE%E5%AE%AE%E5%B4%8E%E5%87%B1%E6%97%8B-all-things-must-pass/id1680512344?i=1000701055117&uo=4
105,異性として興味がないフリをしてないとアイドルとは共演できないんだよ絶対,2025-04-03,3580,60,751b6270-1095-11f0-9db1-a7dc885df8bf,https://pdst.fm/e/pscrb.fm/rss/p/traffic.megaphone.fm/TBS2524722083.mp3?updated=1743689756,https://podcasts.apple.com/jp/podcast/105-%E7%95%B0%E6%80%A7%E3%81%A8%E3%81%97%E3%81%A6%E8%88%88%E5%91%B3%E3%81%8C%E3%81%AA%E3%81%84%E3%83%95%E3%83%AA%E3%82%92%E3%81%97%E3%81%A6%E3%81%AA%E3%81%84%E3%81%A8%E3%82%A2%E3%82%A4%E3%83%89%E3%83%AB%E3%81%A8%E3%81%AF%E5%85%B1%E6%BC%94%E3%81%A7%E3%81%8D%E3%81%AA%E3%81%84%E3%82%93%E3%81%A0%E3%82%88%E7%B5%B6%E5%AF%BE/id1680512344?i=1000702060167&uo=4
106,時代は変る 〜アイドルに認知されるオタク、人妻疑惑のあるオタク〜,2025-04-10,3105,52,17838bb4-15eb-11f0-97fd-6b40049100ed,https://pdst.fm/e/pscrb.fm/rss/p/traffic.megaphone.fm/TBS6219540503.mp3?updated=1744279863,https://podcasts.apple.com/jp/podcast/106-%E6%99%82%E4%BB%A3%E3%81%AF%E5%A4%89%E3%82%8B-%E3%82%A2%E3%82%A4%E3%83%89%E3%83%AB%E3%81%AB%E8%AA%8D%E7%9F%A5%E3%81%95%E3%82%8C%E3%82%8B%E3%82%AA%E3%82%BF%E3%82%AF-%E4%BA%BA%E5%A6%BB%E7%96%91%E6%83%91%E3%81%AE%E3%81%82%E3%82%8B%E3%82%AA%E3%82%BF%E3%82%AF/id1680512344?i=1000702991802&uo=4
107,走れオタク／エロスは激怒した,2025-04-17,3505,58,259006d6-1b92-11f0-ab21-1ba78ef7ebdb,https://pdst.fm/e/pscrb.fm/rss/p/traffic.megaphone.fm/TBS8221827160.mp3?updated=1744897797,https://podcasts.apple.com/jp/podcast/107-%E8%B5%B0%E3%82%8C%E3%82%AA%E3%82%BF%E3%82%AF-%E3%82%A8%E3%83%AD%E3%82%B9%E3%81%AF%E6%BF%80%E6%80%92%E3%81%97%E3%81%9F/id1680512344?i=1000703880456&uo=4
108,気づけよバカッ・・／あんなにキスするの嫌がってたのに,2025-04-24,2243,37,dd82dce4-20bc-11f0-8d52-b32eacc98006,https://pdst.fm/e/pscrb.fm/rss/p/traffic.megaphone.fm/TBS4816834742.mp3?updated=1745465900,https://podcasts.apple.com/jp/podcast/108-%E6%B0%97%E3%81%A5%E3%81%91%E3%82%88%E3%83%90%E3%82%AB%E3%83%83-%E3%81%82%E3%82%93%E3%81%AA%E3%81%AB%E3%82%AD%E3%82%B9%E3%81%99%E3%82%8B%E3%81%AE%E5%AB%8C%E3%81%8C%E3%81%A3%E3%81%A6%E3%81%9F%E3%81%AE%E3%81%AB/id1680512344?i=1000704715347&uo=4
109,お前、そんなにファンが減るのが怖いのか？,2025-05-01,3027,50,9c461826-2676-11f0-89d0-f3d99f636c7d,https://pdst.fm/e/pscrb.fm/rss/p/traffic.megaphone.fm/TBS3062428882.mp3?updated=1746095432,https://podcasts.apple.com/jp/podcast/109-%E3%81%8A%E5%89%8D-%E3%81%9D%E3%82%93%E3%81%AA%E3%81%AB%E3%83%95%E3%82%A1%E3%83%B3%E3%81%8C%E6%B8%9B%E3%82%8B%E3%81%AE%E3%81%8C%E6%80%96%E3%81%84%E3%81%AE%E3%81%8B/id1680512344?i=1000705678363&uo=4
110,カラタチ岡田とマラタチ大山,2025-05-08,2268,38,e8472422-2be9-11f0-8e0d-b7880cb597bf,https://pdst.fm/e/pscrb.fm/rss/p/traffic.megaphone.fm/TBS6246315239.mp3?updated=1746694708,https://podcasts.apple.com/jp/podcast/110-%E3%82%AB%E3%83%A9%E3%82%BF%E3%83%81%E5%B2%A1%E7%94%B0%E3%81%A8%E3%83%9E%E3%83%A9%E3%82%BF%E3%83%81%E5%A4%A7%E5%B1%B1/id1680512344?i=1000706789150&uo=4
111,例えば炎 VS カラタチ 〜舐めり舐められ絶叫の絶頂へ〜,2025-05-15,5166,86,d2139f62-3186-11f0-ac60-036d9f052f1d,https://pdst.fm/e/pscrb.fm/rss/p/traffic.megaphone.fm/TBS4534135241.mp3?updated=1747311858,https://podcasts.apple.com/jp/podcast/111-%E4%BE%8B%E3%81%88%E3%81%B0%E7%82%8E-vs-%E3%82%AB%E3%83%A9%E3%82%BF%E3%83%81-%E8%88%90%E3%82%81%E3%82%8A%E8%88%90%E3%82%81%E3%82%89%E3%82%8C%E7%B5%B6%E5%8F%AB%E3%81%AE%E7%B5%B6%E9%A0%82%E3%81%B8/id1680512344?i=1000708584614&uo=4
112,呪われし大山 〜エロゲ陰謀論〜,2025-05-22,2535,42,76e35efc-36fe-11f0-9795-132443d9bc91,https://pdst.fm/e/pscrb.fm/rss/p/traffic.megaphone.fm/TBS4427768866.mp3?updated=1747913000,https://podcasts.apple.com/jp/podcast/112-%E5%91%AA%E3%82%8F%E3%82%8C%E3%81%97%E5%A4%A7%E5%B1%B1-%E3%82%A8%E3%83%AD%E3%82%B2%E9%99%B0%E8%AC%80%E8%AB%96/id1680512344?i=1000709416973&uo=4
113,ドクターK 〜命の讃歌〜,2025-05-29,4038,67,5740c122-3c88-11f0-a48c-db13e7997000,https://pdst.fm/e/pscrb.fm/rss/p/traffic.megaphone.fm/TBS8212422981.mp3?updated=1748521973,https://podcasts.apple.com/jp/podcast/113-%E3%83%89%E3%82%AF%E3%82%BF%E3%83%BCk-%E5%91%BD%E3%81%AE%E8%AE%83%E6%AD%8C/id1680512344?i=1000710424603&uo=4
114,カラタチは居場所を失い大阪へ、山口さんは海外へ,2025-06-05,3305,55,39503c70-4204-11f0-9a49-17aa16866372,https://pdst.fm/e/pscrb.fm/rss/p/traffic.megaphone.fm/TBS6670685099.mp3?updated=1749124957,https://podcasts.apple.com/jp/podcast/114-%E3%82%AB%E3%83%A9%E3%82%BF%E3%83%81%E3%81%AF%E5%B1%85%E5%A0%B4%E6%89%80%E3%82%92%E5%A4%B1%E3%81%84%E5%A4%A7%E9%98%AA%E3%81%B8-%E5%B1%B1%E5%8F%A3%E3%81%95%E3%82%93%E3%81%AF%E6%B5%B7%E5%A4%96%E3%81%B8/id1680512344?i=1000711676324&uo=4
115,大阪スパ物語 / 夢みなきゃ生きてる意味ねえんだよ,2025-06-12,3928,65,f8015ffa-476d-11f0-94df-ab4aa0c48982,https://pdst.fm/e/pscrb.fm/rss/p/traffic.megaphone.fm/TBS3734134011.mp3?updated=1749720130,https://podcasts.apple.com/jp/podcast/115-%E5%A4%A7%E9%98%AA%E3%82%B9%E3%83%91%E7%89%A9%E8%AA%9E-%E5%A4%A2%E3%81%BF%E3%81%AA%E3%81%8D%E3%82%83%E7%94%9F%E3%81%8D%E3%81%A6%E3%82%8B%E6%84%8F%E5%91%B3%E3%81%AD%E3%81%88%E3%82%93%E3%81%A0%E3%82%88/id1680512344?i=1000712571284&uo=4
116,大山さんを護りたい 〜9番街レトロ京極の献身〜,2025-06-19,4450,74,b49ff5da-4cfb-11f0-ae42-0b4466e0ac5c,https://pdst.fm/e/pscrb.fm/rss/p/traffic.megaphone.fm/TBS8145479087.mp3?updated=1750330740,https://podcasts.apple.com/jp/podcast/116-%E5%A4%A7%E5%B1%B1%E3%81%95%E3%82%93%E3%82%92%E8%AD%B7%E3%82%8A%E3%81%9F%E3%81%84-9%E7%95%AA%E8%A1%97%E3%83%AC%E3%83%88%E3%83%AD%E4%BA%AC%E6%A5%B5%E3%81%AE%E7%8C%AE%E8%BA%AB/id1680512344?i=1000713558152&uo=4
117,清水さんと山口さん,2025-06-26,2638,44,ff56fa34-5268-11f0-a4eb-8b95ecf5e83e,https://pdst.fm/e/pscrb.fm/rss/p/traffic.megaphone.fm/TBS8735407092.mp3?updated=1750927437,https://podcasts.apple.com/jp/podcast/117-%E6%B8%85%E6%B0%B4%E3%81%95%E3%82%93%E3%81%A8%E5%B1%B1%E5%8F%A3%E3%81%95%E3%82%93/id1680512344?i=1000714644223&uo=4
118,天国のじいちゃんへ,2025-07-03,2584,43,88af340a-580d-11f0-b009-47738fc9f495,https://pdst.fm/e/pscrb.fm/rss/p/traffic.megaphone.fm/TBS4362995884.mp3?updated=1751547862,https://podcasts.apple.com/jp/podcast/118-%E5%A4%A9%E5%9B%BD%E3%81%AE%E3%81%98%E3%81%84%E3%81%A1%E3%82%83%E3%82%93%E3%81%B8-%E3%82%AB%E3%83%A9%E3%82%BF%E3%83%81%E3%81%AE%E6%9C%80%E6%9E%9C%E3%81%A6%E3%81%AE%E3%82%BB%E3%83%B3%E3%82%BB%E3%82%A4/id1680512344?i=1000715596854&uo=4
119,自戒せよ！怖きオタクども！,2025-07-10,2363,39,5413fa80-5d87-11f0-9a92-8f031636fe09,https://pdst.fm/e/pscrb.fm/rss/p/traffic.megaphone.fm/TBS8560292156.mp3?updated=1752149927,https://podcasts.apple.com/jp/podcast/119-%E8%87%AA%E6%88%92%E3%81%9B%E3%82%88-%E6%80%96%E3%81%8D%E3%82%AA%E3%82%BF%E3%82%AF%E3%81%A9%E3%82%82-%E3%82%AB%E3%83%A9%E3%82%BF%E3%83%81%E3%81%AE%E6%9C%80%E6%9E%9C%E3%81%A6%E3%81%AE%E3%82%BB%E3%83%B3%E3%82%BB%E3%82%A4/id1680512344?i=1000716670129&uo=4
120,逆襲の前田とモテキの大山,2025-07-17,2803,47,5a815d50-630d-11f0-99ea-1b307982110d,https://pdst.fm/e/pscrb.fm/rss/p/traffic.megaphone.fm/TBS7065184351.mp3?updated=1753926615,https://podcasts.apple.com/jp/podcast/120-%E9%80%86%E8%A5%B2%E3%81%AE%E5%89%8D%E7%94%B0%E3%81%A8%E3%83%A2%E3%83%86%E3%82%AD%E3%81%AE%E5%A4%A7%E5%B1%B1/id1680512344?i=1000717753150&uo=4
121,ドスケベ親父は憤慨する / オタクは＜自主規制＞,2025-07-24,2515,42,43c9a7c2-6888-11f0-abc9-5bde5f5f22f5,https://pdst.fm/e/pscrb.fm/rss/p/traffic.megaphone.fm/TBS6062411295.mp3?updated=1753923454,https://podcasts.apple.com/jp/podcast/121-%E3%83%89%E3%82%B9%E3%82%B1%E3%83%99%E8%A6%AA%E7%88%B6%E3%81%AF%E6%86%A4%E6%85%A8%E3%81%99%E3%82%8B-%E3%82%AA%E3%82%BF%E3%82%AF%E3%81%AF-%E8%87%AA%E4%B8%BB%E8%A6%8F%E5%88%B6/id1680512344?i=1000718846573&uo=4
122,国宝,2025-07-31,2902,48,d5b0f5ba-6df0-11f0-9cca-37220c1dfb23,https://pdst.fm/e/pscrb.fm/rss/p/traffic.megaphone.fm/TBS4117761800.mp3?updated=1753984838,https://podcasts.apple.com/jp/podcast/122-%E5%9B%BD%E5%AE%9D/id1680512344?i=1000720005405&uo=4
123,珍宝,2025-08-07,2405,40,3633b370-7385-11f0-9c44-6b68bb68438a,https://pdst.fm/e/pscrb.fm/rss/p/traffic.megaphone.fm/TBS4094485933.mp3,https://podcasts.apple.com/jp/podcast/123-%E7%8F%8D%E5%AE%9D/id1680512344?i=1000721039788&uo=4
124,ひと夏の思い出 ～カラタチ最果てフェスとチャンス大城さん～,2025-08-14,3032,51,503fa7fe-7909-11f0-b063-9b7dfe1ce940,https://pdst.fm/e/pscrb.fm/rss/p/traffic.megaphone.fm/TBS2124840797.mp3,https://podcasts.apple.com/jp/podcast/124-%E3%81%B2%E3%81%A8%E5%A4%8F%E3%81%AE%E6%80%9D%E3%81%84%E5%87%BA-%E3%82%AB%E3%83%A9%E3%82%BF%E3%83%81%E6%9C%80%E6%9E%9C%E3%81%A6%E3%83%95%E3%82%A7%E3%82%B9%E3%81%A8%E3%83%81%E3%83%A3%E3%83%B3%E3%82%B9%E5%A4%A7%E5%9F%8E%E3%81%95%E3%82%93/id1680512344?i=1000721948374&uo=4
125,ロミオとジュリエットとムカデ人間,2025-08-21,2907,48,e9218cb2-7e8b-11f0-8591-6f3df1c4204f,https://pdst.fm/e/pscrb.fm/rss/p/traffic.megaphone.fm/TBS5655136399.mp3,https://podcasts.apple.com/jp/podcast/125-%E3%83%AD%E3%83%9F%E3%82%AA%E3%81%A8%E3%82%B8%E3%83%A5%E3%83%AA%E3%82%A8%E3%83%83%E3%83%88%E3%81%A8%E3%83%A0%E3%82%AB%E3%83%87%E4%BA%BA%E9%96%93/id1680512344?i=1000722951083&uo=4
126,BIOHAZARD 〜最果てウイルスとムカデ人間ふたたび〜,2025-08-28,2325,39,9a7e4488-8408-11f0-9f71-a3210922ca0a,https://pdst.fm/e/pscrb.fm/rss/p/traffic.megaphone.fm/TBS9372256194.mp3,https://podcasts.apple.com/jp/podcast/126-biohazard-%E6%9C%80%E6%9E%9C%E3%81%A6%E3%82%A6%E3%82%A4%E3%83%AB%E3%82%B9%E3%81%A8%E3%83%A0%E3%82%AB%E3%83%87%E4%BA%BA%E9%96%93%E3%81%B5%E3%81%9F%E3%81%9F%E3%81%B3/id1680512344?i=1000723878126&uo=4
127,笑ってよ僕のために / タイパの時代,2025-09-04,2101,35,d985be72-8985-11f0-93fc-b3ad5ce9b2f7,https://pdst.fm/e/pscrb.fm/rss/p/traffic.megaphone.fm/TBS1654690542.mp3,https://podcasts.apple.com/jp/podcast/127-%E7%AC%91%E3%81%A3%E3%81%A6%E3%82%88%E5%83%95%E3%81%AE%E3%81%9F%E3%82%81%E3%81%AB-%E3%82%BF%E3%82%A4%E3%83%91%E3%81%AE%E6%99%82%E4%BB%A3/id1680512344?i=1000724980953&uo=4
128,配信停止 Part II,2025-09-11,2296,38,d966a0fa-8ee9-11f0-acd4-a7082d44c5a1,https://pdst.fm/e/pscrb.fm/rss/p/traffic.megaphone.fm/TBS9108094418.mp3,https://podcasts.apple.com/jp/podcast/128-%E9%85%8D%E4%BF%A1%E5%81%9C%E6%AD%A2-part-ii/id1680512344?i=1000726192932&uo=4
129,都合のいいマフレだった僕が東京で幼馴染と再会した件,2025-09-18,2058,34,7f14b6fc-947d-11f0-9801-27ce20028ae7,https://pdst.fm/e/pscrb.fm/rss/p/traffic.megaphone.fm/TBS9043803423.mp3,https://podcasts.apple.com/jp/podcast/129-%E9%83%BD%E5%90%88%E3%81%AE%E3%81%84%E3%81%84%E3%83%9E%E3%83%95%E3%83%AC%E3%81%A0%E3%81%A3%E3%81%9F%E5%83%95%E3%81%8C%E6%9D%B1%E4%BA%AC%E3%81%A7%E5%B9%BC%E9%A6%B4%E6%9F%93%E3%81%A8%E5%86%8D%E4%BC%9A%E3%81%97%E3%81%9F%E4%BB%B6/id1680512344?i=1000727335942&uo=4
130,我が子を抱いたときの温もりを知ってる人間が言っていい言葉じゃないよ絶対,2025-09-25,2121,35,7d968e02-99e8-11f0-9eea-4fa1aef19bd9,https://pdst.fm/e/pscrb.fm/rss/p/traffic.megaphone.fm/TBS5859279588.mp3,https://podcasts.apple.com/jp/podcast/130-%E6%88%91%E3%81%8C%E5%AD%90%E3%82%92%E6%8A%B1%E3%81%84%E3%81%9F%E3%81%A8%E3%81%8D%E3%81%AE%E6%B8%A9%E3%82%82%E3%82%8A%E3%82%92%E7%9F%A5%E3%81%A3%E3%81%A6%E3%82%8B%E4%BA%BA%E9%96%93%E3%81%8C%E8%A8%80%E3%81%A3%E3%81%A6%E3%81%84%E3%81%84%E8%A8%80%E8%91%89%E3%81%98%E3%82%83%E3%81%AA%E3%81%84%E3%82%88%E7%B5%B6%E5%AF%BE/id1680512344?i=1000728378618&uo=4
131,決戦！相席スタート山添お兄ちゃん VS 勃起ワーカー前田,2025-10-02,4797,80,7ed696d0-9f7f-11f0-bb8c-3770e8fb98c5,https://pdst.fm/e/pscrb.fm/rss/p/traffic.megaphone.fm/TBS4887224286.mp3,https://podcasts.apple.com/jp/podcast/131-%E6%B1%BA%E6%88%A6-%E7%9B%B8%E5%B8%AD%E3%82%B9%E3%82%BF%E3%83%BC%E3%83%88%E5%B1%B1%E6%B7%BB%E3%81%8A%E5%85%84%E3%81%A1%E3%82%83%E3%82%93-vs-%E5%8B%83%E8%B5%B7%E3%83%AF%E3%83%BC%E3%82%AB%E3%83%BC%E5%89%8D%E7%94%B0/id1680512344?i=1000729693457&uo=4
132,推しがいたから c/w 未来予想図II,2025-10-09,2151,36,d4ca5c58-a505-11f0-b0e4-63ba07ea2e88,https://pdst.fm/e/pscrb.fm/rss/p/traffic.megaphone.fm/TBS9548380058.mp3,https://podcasts.apple.com/jp/podcast/132-%E6%8E%A8%E3%81%97%E3%81%8C%E3%81%84%E3%81%9F%E3%81%8B%E3%82%89-c-w-%E6%9C%AA%E6%9D%A5%E4%BA%88%E6%83%B3%E5%9B%B3ii-%E3%82%AB%E3%83%A9%E3%82%BF%E3%83%81%E3%81%AE%E6%9C%80%E6%9E%9C%E3%81%A6%E3%81%AE%E3%82%BB%E3%83%B3%E3%82%BB%E3%82%A4/id1680512344?i=1000730976544&uo=4
133,永遠に続くと思っていた 〜援軍オダウエダ〜,2025-10-16,3520,59,c8f6890e-aa93-11f0-9ec8-a742103afcb4,https://pdst.fm/e/pscrb.fm/rss/p/traffic.megaphone.fm/TBS8395201516.mp3,https://podcasts.apple.com/jp/podcast/133-%E6%B0%B8%E9%81%A0%E3%81%AB%E7%B6%9A%E3%81%8F%E3%81%A8%E6%80%9D%E3%81%A3%E3%81%A6%E3%81%84%E3%81%9F-%E6%8F%B4%E8%BB%8D%E3%82%AA%E3%83%80%E3%82%A6%E3%82%A8%E3%83%80-%E3%82%AB%E3%83%A9%E3%82%BF%E3%83%81%E3%81%AE%E6%9C%80%E6%9E%9C%E3%81%A6%E3%81%AE%E3%82%BB%E3%83%B3%E3%82%BB%E3%82%A4/id1680512344?i=1000732144087&uo=4
134,大山くん安心して！ 〜ヒーロー松崎克俊はやってくる〜,2025-10-23,3567,59,ac5efff2-b005-11f0-a010-d3692fdb0017,https://pdst.fm/e/pscrb.fm/rss/p/traffic.megaphone.fm/TBS6011542005.mp3,https://podcasts.apple.com/jp/podcast/134-%E5%A4%A7%E5%B1%B1%E3%81%8F%E3%82%93%E5%AE%89%E5%BF%83%E3%81%97%E3%81%A6-%E3%83%92%E3%83%BC%E3%83%AD%E3%83%BC%E6%9D%BE%E5%B4%8E%E5%85%8B%E4%BF%8A%E3%81%AF%E3%82%84%E3%81%A3%E3%81%A6%E3%81%8F%E3%82%8B-%E3%82%AB%E3%83%A9%E3%82%BF%E3%83%81%E3%81%AE%E6%9C%80%E6%9E%9C%E3%81%A6%E3%81%AE%E3%82%BB%E3%83%B3%E3%82%BB%E3%82%A4/id1680512344?i=1000733136380&uo=4
135,LOVE AFFAIR 〜Aマッソ加納さんは、推しに少し似ていた〜,2025-10-30,2699,45,7e490dea-b57f-11f0-bf06-97899498e972,https://pdst.fm/e/pscrb.fm/rss/p/traffic.megaphone.fm/TBS2058548804.mp3,https://podcasts.apple.com/jp/podcast/135-love-affair-a%E3%83%9E%E3%83%83%E3%82%BD%E5%8A%A0%E7%B4%8D%E3%81%95%E3%82%93%E3%81%AF-%E6%8E%A8%E3%81%97%E3%81%AB%E5%B0%91%E3%81%97%E4%BC%BC%E3%81%A6%E3%81%84%E3%81%9F-%E3%82%AB%E3%83%A9%E3%82%BF%E3%83%81%E3%81%AE%E6%9C%80%E6%9E%9C%E3%81%A6%E3%81%AE%E3%82%BB%E3%83%B3%E3%82%BB%E3%82%A4/id1680512344?i=1000734198197&uo=4
136,そして誰もいなくなった / 俺には武元唯衣という神しかいない,2025-11-06,1303,22,964fc1c4-baff-11f0-9ed9-5f7f36f19d87,https://pdst.fm/e/pscrb.fm/rss/p/traffic.megaphone.fm/TBS1800993165.mp3,https://podcasts.apple.com/jp/podcast/136-%E3%81%9D%E3%81%97%E3%81%A6%E8%AA%B0%E3%82%82%E3%81%84%E3%81%AA%E3%81%8F%E3%81%AA%E3%81%A3%E3%81%9F-%E4%BF%BA%E3%81%AB%E3%81%AF%E6%AD%A6%E5%85%83%E5%94%AF%E8%A1%A3%E3%81%A8%E3%81%84%E3%81%86%E7%A5%9E%E3%81%97%E3%81%8B%E3%81%84%E3%81%AA%E3%81%84-%E3%82%AB%E3%83%A9%E3%82%BF%E3%83%81%E3%81%AE%E6%9C%80%E6%9E%9C%E3%81%A6%E3%81%AE%E3%82%BB%E3%83%B3%E3%82%BB%E3%82%A4/id1680512344?i=1000735542687&uo=4
137,悪魔の双子ダイタク、前田と不在の大山にメチャクチャ言う,2025-11-13,4118,69,94eeb6a6-c08a-11f0-b78c-27b72605793a,https://pdst.fm/e/pscrb.fm/rss/p/traffic.megaphone.fm/TBS5963932861.mp3,https://podcasts.apple.com/jp/podcast/137-%E6%82%AA%E9%AD%94%E3%81%AE%E5%8F%8C%E5%AD%90%E3%83%80%E3%82%A4%E3%82%BF%E3%82%AF-%E5%89%8D%E7%94%B0%E3%81%A8%E4%B8%8D%E5%9C%A8%E3%81%AE%E5%A4%A7%E5%B1%B1%E3%81%AB%E3%83%A1%E3%83%81%E3%83%A3%E3%82%AF%E3%83%81%E3%83%A3%E8%A8%80%E3%81%86-%E3%82%AB%E3%83%A9%E3%82%BF%E3%83%81%E3%81%AE%E6%9C%80%E6%9E%9C%E3%81%A6%E3%81%AE%E3%82%BB%E3%83%B3%E3%82%BB%E3%82%A4/id1680512344?i=1000736590570&uo=4
138,ラスボス囲碁将棋 文田 VS カラタチ前田 〜お前は唯衣ちゃんと幸せになる覚悟はあるのか〜,2025-11-20,3825,64,6bccee90-c603-11f0-830b-17a0c21fe4b0,https://pdst.fm/e/pscrb.fm/rss/p/traffic.megaphone.fm/TBS7940988288.mp3,https://podcasts.apple.com/jp/podcast/138-%E3%83%A9%E3%82%B9%E3%83%9C%E3%82%B9%E5%9B%B2%E7%A2%81%E5%B0%86%E6%A3%8B-%E6%96%87%E7%94%B0-vs-%E3%82%AB%E3%83%A9%E3%82%BF%E3%83%81%E5%89%8D%E7%94%B0-%E3%81%8A%E5%89%8D%E3%81%AF%E5%94%AF%E8%A1%A3%E3%81%A1%E3%82%83%E3%82%93%E3%81%A8%E5%B9%B8%E3%81%9B%E3%81%AB%E3%81%AA%E3%82%8B%E8%A6%9A%E6%82%9F%E3%81%AF%E3%81%82%E3%82%8B%E3%81%AE%E3%81%8B-%E3%82%AB%E3%83%A9%E3%82%BF%E3%83%81%E3%81%AE%E6%9C%80%E6%9E%9C%E3%81%A6%E3%81%AE%E3%82%BB%E3%83%B3%E3%82%BB%E3%82%A4/id1680512344?i=1000737580181&uo=4
139,シシガシラ脇田とカラタチ前田 〜唯衣ちゃんに似たあの人へ〜,2025-11-27,4572,76,4936b698-cb82-11f0-a9ba-73526e3ed58a,https://pdst.fm/e/pscrb.fm/rss/p/traffic.megaphone.fm/TBS2226280004.mp3,https://podcasts.apple.com/jp/podcast/139-%E3%82%B7%E3%82%B7%E3%82%AC%E3%82%B7%E3%83%A9%E8%84%87%E7%94%B0%E3%81%A8%E3%82%AB%E3%83%A9%E3%82%BF%E3%83%81%E5%89%8D%E7%94%B0-%E5%94%AF%E8%A1%A3%E3%81%A1%E3%82%83%E3%82%93%E3%81%AB%E4%BC%BC%E3%81%9F%E3%81%82%E3%81%AE%E4%BA%BA%E3%81%B8-%E3%82%AB%E3%83%A9%E3%82%BF%E3%83%81%E3%81%AE%E6%9C%80%E6%9E%9C%E3%81%A6%E3%81%AE%E3%82%BB%E3%83%B3%E3%82%BB%E3%82%A4/id1680512344?i=1000738660095&uo=4
140,カラタチ,2025-12-04,3273,55,79a920d0-d114-11f0-a326-07eda68622ca,https://pdst.fm/e/pscrb.fm/rss/p/traffic.megaphone.fm/TBS1119653528.mp3,https://podcasts.apple.com/jp/podcast/140-%E3%82%AB%E3%83%A9%E3%82%BF%E3%83%81-%E3%82%AB%E3%83%A9%E3%82%BF%E3%83%81%E3%81%AE%E6%9C%80%E6%9E%9C%E3%81%A6%E3%81%AE%E3%82%BB%E3%83%B3%E3%82%BB%E3%82%A4/id1680512344?i=1000739677867&uo=4
141,どんな女の子も唯衣ちゃんには敵わないんだよバカコンボイ！M-1が怖くて休むわけねえだろ箕輪！M-1ラストイヤーまで待ってよ唯衣ちゃん！,2025-12-11,2978,50,568bc9b0-d68f-11f0-964e-bfea58648a35,https://pdst.fm/e/pscrb.fm/rss/p/traffic.megaphone.fm/TBS9663583288.mp3,https://podcasts.apple.com/jp/podcast/141-%E3%81%A9%E3%82%93%E3%81%AA%E5%A5%B3%E3%81%AE%E5%AD%90%E3%82%82%E5%94%AF%E8%A1%A3%E3%81%A1%E3%82%83%E3%82%93%E3%81%AB%E3%81%AF%E6%95%B5%E3%82%8F%E3%81%AA%E3%81%84%E3%82%93%E3%81%A0%E3%82%88%E3%83%90%E3%82%AB%E3%82%B3%E3%83%B3%E3%83%9C%E3%82%A4-m-1%E3%81%8C%E6%80%96%E3%81%8F%E3%81%A6%E4%BC%91%E3%82%80%E3%82%8F%E3%81%91%E3%81%AD%E3%81%88%E3%81%A0%E3%82%8D%E7%AE%95%E8%BC%AA-m/id1680512344?i=1000740842871&uo=4
142,太陽みたいな人になりたかった / X'mas Express,2025-12-18,1923,32,73340510-dc06-11f0-923c-9359550825e2,https://pdst.fm/e/pscrb.fm/rss/p/traffic.megaphone.fm/TBS2167088572.mp3,https://podcasts.apple.com/jp/podcast/142-%E5%A4%AA%E9%99%BD%E3%81%BF%E3%81%9F%E3%81%84%E3%81%AA%E4%BA%BA%E3%81%AB%E3%81%AA%E3%82%8A%E3%81%9F%E3%81%8B%E3%81%A3%E3%81%9F-xmas-express-%E3%82%AB%E3%83%A9%E3%82%BF%E3%83%81%E3%81%AE%E6%9C%80%E6%9E%9C%E3%81%A6%E3%81%AE%E3%82%BB%E3%83%B3%E3%82%BB%E3%82%A4/id1680512344?i=1000741827231&uo=4
143,M-1ラストイヤーに向けて / 聖夜に夢を,2025-12-25,2721,45,08fd4dfc-e195-11f0-93e3-03a22fd1e5ca,https://pdst.fm/e/pscrb.fm/rss/p/traffic.megaphone.fm/TBS6370064063.mp3,https://podcasts.apple.com/jp/podcast/143-m-1%E3%83%A9%E3%82%B9%E3%83%88%E3%82%A4%E3%83%A4%E3%83%BC%E3%81%AB%E5%90%91%E3%81%91%E3%81%A6-%E8%81%96%E5%A4%9C%E3%81%AB%E5%A4%A2%E3%82%92-%E3%82%AB%E3%83%A9%E3%82%BF%E3%83%81%E3%81%AE%E6%9C%80%E6%9E%9C%E3%81%A6%E3%81%AE%E3%82%BB%E3%83%B3%E3%82%BB%E3%82%A4/id1680512344?i=1000742694882&uo=4
144,本気で恋するんだよ！そして本気で傷つくんだよ！それがオタクだろ！,2026-01-01,2775,46,dbf5a402-e703-11f0-93f6-3760a01858ee,https://pdst.fm/e/pscrb.fm/rss/p/traffic.megaphone.fm/TBS2264435554.mp3,https://podcasts.apple.com/jp/podcast/144-%E6%9C%AC%E6%B0%97%E3%81%A7%E6%81%8B%E3%81%99%E3%82%8B%E3%82%93%E3%81%A0%E3%82%88-%E3%81%9D%E3%81%97%E3%81%A6%E6%9C%AC%E6%B0%97%E3%81%A7%E5%82%B7%E3%81%A4%E3%81%8F%E3%82%93%E3%81%A0%E3%82%88-%E3%81%9D%E3%82%8C%E3%81%8C%E3%82%AA%E3%82%BF%E3%82%AF%E3%81%A0%E3%82%8D-%E3%82%AB%E3%83%A9%E3%82%BF%E3%83%81%E3%81%AE%E6%9C%80%E6%9E%9C%E3%81%A6%E3%81%AE%E3%82%BB%E3%83%B3%E3%82%BB%E3%82%A4/id1680512344?i=1000743411551&uo=4
145,オタクはみんな生きている,2026-01-08,3035,51,b2e0506c-ec6c-11f0-a6f6-e31d770cea2f,https://pdst.fm/e/pscrb.fm/rss/p/traffic.megaphone.fm/TBS9337846149.mp3,https://podcasts.apple.com/jp/podcast/145-%E3%82%AA%E3%82%BF%E3%82%AF%E3%81%AF%E3%81%BF%E3%82%93%E3%81%AA%E7%94%9F%E3%81%8D%E3%81%A6%E3%81%84%E3%82%8B-%E3%82%AB%E3%83%A9%E3%82%BF%E3%83%81%E3%81%AE%E6%9C%80%E6%9E%9C%E3%81%A6%E3%81%AE%E3%82%BB%E3%83%B3%E3%82%BB%E3%82%A4/id1680512344?i=1000744268037&uo=4
146,武元唯衣ちゃんと山田杏奈ちゃん,2026-01-15,2907,48,2c0a226e-f209-11f0-adea-b7e364e979b3,https://pdst.fm/e/pscrb.fm/rss/p/traffic.megaphone.fm/TBS7061680171.mp3,https://podcasts.apple.com/jp/podcast/146-%E6%AD%A6%E5%85%83%E5%94%AF%E8%A1%A3%E3%81%A1%E3%82%83%E3%82%93%E3%81%A8%E5%B1%B1%E7%94%B0%E6%9D%8F%E5%A5%88%E3%81%A1%E3%82%83%E3%82%93-%E3%82%AB%E3%83%A9%E3%82%BF%E3%83%81%E3%81%AE%E6%9C%80%E6%9E%9C%E3%81%A6%E3%81%AE%E3%82%BB%E3%83%B3%E3%82%BB%E3%82%A4/id1680512344?i=1000745282408&uo=4
147,売れてる同期に推しを盗られたら俺はもう生きていけない / 独身税と表現の自由について,2026-01-22,2655,44,9f9e2c38-f78c-11f0-bfcd-f763668aac3a,https://pdst.fm/e/pscrb.fm/rss/p/traffic.megaphone.fm/TBS1845312111.mp3,https://podcasts.apple.com/jp/podcast/147-%E5%A3%B2%E3%82%8C%E3%81%A6%E3%82%8B%E5%90%8C%E6%9C%9F%E3%81%AB%E6%8E%A8%E3%81%97%E3%82%92%E7%9B%97%E3%82%89%E3%82%8C%E3%81%9F%E3%82%89%E4%BF%BA%E3%81%AF%E3%82%82%E3%81%86%E7%94%9F%E3%81%8D%E3%81%A6%E3%81%84%E3%81%91%E3%81%AA%E3%81%84-%E7%8B%AC%E8%BA%AB%E7%A8%8E%E3%81%A8%E8%A1%A8%E7%8F%BE%E3%81%AE%E8%87%AA%E7%94%B1%E3%81%AB%E3%81%A4%E3%81%84%E3%81%A6-%E3%82%AB%E3%83%A9%E3%82%BF%E3%83%81%E3%81%AE%E6%9C%80%E6%9E%9C%E3%81%A6%E3%81%AE%E3%82%BB%E3%83%B3%E3%82%BB%E3%82%A4/id1680512344?i=1000746202556&uo=4
148,オタクの元にアイドルを返してあげてほしい / 人にモノ投げていいわけねえだろッ！バカ野郎！,2026-01-29,3471,58,ad84c2c0-e216-11f0-be0f-736254ac0159,https://pdst.fm/e/pscrb.fm/rss/p/traffic.megaphone.fm/TBS8449289461.mp3,https://podcasts.apple.com/jp/podcast/148-%E3%82%AA%E3%82%BF%E3%82%AF%E3%81%AE%E5%85%83%E3%81%AB%E3%82%A2%E3%82%A4%E3%83%89%E3%83%AB%E3%82%92%E8%BF%94%E3%81%97%E3%81%A6%E3%81%82%E3%81%92%E3%81%A6%E3%81%BB%E3%81%97%E3%81%84-%E4%BA%BA%E3%81%AB%E3%83%A2%E3%83%8E%E6%8A%95%E3%81%92%E3%81%A6%E3%81%84%E3%81%84%E3%82%8F%E3%81%91%E3%81%AD%E3%81%88%E3%81%A0%E3%82%8D%E3%83%83-%E3%83%90%E3%82%AB%E9%87%8E%E9%83%8E-%E3%82%AB%E3%83%A9%E3%82%BF%E3%83%81%E3%81%AE%E6%9C%80%E6%9E%9C%E3%81%A6%E3%81%AE%E3%82%BB%E3%83%B3%E3%82%BB%E3%82%A4/id1680512344?i=1000747182454&uo=4
149,理不尽な世界 〜R-1を勝ち上がるたびに怒られる男〜,2026-02-05,3315,55,98a5db12-0293-11f1-a55a-4b68dd47f557,https://pdst.fm/e/pscrb.fm/rss/p/traffic.megaphone.fm/TBS4811407934.mp3,https://podcasts.apple.com/jp/podcast/149-%E7%90%86%E4%B8%8D%E5%B0%BD%E3%81%AA%E4%B8%96%E7%95%8C-r-1%E3%82%92%E5%8B%9D%E3%81%A1%E4%B8%8A%E3%81%8C%E3%82%8B%E3%81%9F%E3%81%B3%E3%81%AB%E6%80%92%E3%82%89%E3%82%8C%E3%82%8B%E7%94%B7-%E3%82%AB%E3%83%A9%E3%82%BF%E3%83%81%E3%81%AE%E6%9C%80%E6%9E%9C%E3%81%A6%E3%81%AE%E3%82%BB%E3%83%B3%E3%82%BB%E3%82%A4/id1680512344?i=1000748374161&uo=4
150,こんなに悲しいのに涙が出ない 〜推しの卒業発表〜,2026-02-12,3393,57,5944eeec-07eb-11f1-a024-572b6a0013fd,https://pdst.fm/e/pscrb.fm/rss/p/traffic.megaphone.fm/TBS9775579943.mp3?updated=1772983063,https://podcasts.apple.com/jp/podcast/150-%E3%81%93%E3%82%93%E3%81%AA%E3%81%AB%E6%82%B2%E3%81%97%E3%81%84%E3%81%AE%E3%81%AB%E6%B6%99%E3%81%8C%E5%87%BA%E3%81%AA%E3%81%84-%E6%8E%A8%E3%81%97%E3%81%AE%E5%8D%92%E6%A5%AD%E7%99%BA%E8%A1%A8-%E3%82%AB%E3%83%A9%E3%82%BF%E3%83%81%E3%81%AE%E6%9C%80%E6%9E%9C%E3%81%A6%E3%81%AE%E3%82%BB%E3%83%B3%E3%82%BB%E3%82%A4/id1680512344?i=1000749412842&uo=4
151,R-1に見た希望 / カツトシがピコラを咥えてやってくる,2026-02-19,3246,54,c43d873a-0d96-11f1-a1e6-0b8d8ee625b6,https://pdst.fm/e/pscrb.fm/rss/p/traffic.megaphone.fm/TBS2319568616.mp3?updated=1772982968,https://podcasts.apple.com/jp/podcast/151-r-1%E3%81%AB%E8%A6%8B%E3%81%9F%E5%B8%8C%E6%9C%9B-%E3%82%AB%E3%83%84%E3%83%88%E3%82%B7%E3%81%8C%E3%83%94%E3%82%B3%E3%83%A9%E3%82%92%E5%92%A5%E3%81%88%E3%81%A6%E3%82%84%E3%81%A3%E3%81%A6%E3%81%8F%E3%82%8B-%E3%82%AB%E3%83%A9%E3%82%BF%E3%83%81%E3%81%AE%E6%9C%80%E6%9E%9C%E3%81%A6%E3%81%AE%E3%82%BB%E3%83%B3%E3%82%BB%E3%82%A4/id1680512344?i=1000750488550&uo=4
152,アイドル（偶像）はやめられない 〜カナメストーンが生きやすい社会へ〜,2026-02-26,2861,48,582de0ce-1315-11f1-8913-ef714e6f0991,https://pdst.fm/e/pscrb.fm/rss/p/traffic.megaphone.fm/TBS6937102764.mp3?updated=1772112903,https://podcasts.apple.com/jp/podcast/152-%E3%82%A2%E3%82%A4%E3%83%89%E3%83%AB-%E5%81%B6%E5%83%8F-%E3%81%AF%E3%82%84%E3%82%81%E3%82%89%E3%82%8C%E3%81%AA%E3%81%84-%E3%82%AB%E3%83%8A%E3%83%A1%E3%82%B9%E3%83%88%E3%83%BC%E3%83%B3%E3%81%8C%E7%94%9F%E3%81%8D%E3%82%84%E3%81%99%E3%81%84%E7%A4%BE%E4%BC%9A%E3%81%B8-%E3%82%AB%E3%83%A9%E3%82%BF%E3%83%81%E3%81%AE%E6%9C%80%E6%9E%9C%E3%81%A6%E3%81%AE%E3%82%BB%E3%83%B3%E3%82%BB%E3%82%A4/id1680512344?i=1000751750866&uo=4
153,WOLF HOWL HARMONYと機運ダンク安保,2026-03-05,2889,48,dde7d700-1893-11f1-a13f-cb43d5b29997,https://pdst.fm/e/pscrb.fm/rss/p/traffic.megaphone.fm/TBS7650525753.mp3?updated=1772982808,https://podcasts.apple.com/jp/podcast/153-wolf-howl-harmony%E3%81%A8%E6%A9%9F%E9%81%8B%E3%83%80%E3%83%B3%E3%82%AF%E5%AE%89%E4%BF%9D-%E3%82%AB%E3%83%A9%E3%82%BF%E3%83%81%E3%81%AE%E6%9C%80%E6%9E%9C%E3%81%A6%E3%81%AE%E3%82%BB%E3%83%B3%E3%82%BB%E3%82%A4/id1680512344?i=1000753354196&uo=4
154,【悲報】機運ダンク安保は彼女持ち,2026-03-12,2695,45,17cef3a0-1e0b-11f1-b1e2-fbc53aff5b82,https://pdst.fm/e/pscrb.fm/rss/p/traffic.megaphone.fm/TBS6941767846.mp3,https://podcasts.apple.com/jp/podcast/154-%E6%82%B2%E5%A0%B1-%E6%A9%9F%E9%81%8B%E3%83%80%E3%83%B3%E3%82%AF%E5%AE%89%E4%BF%9D%E3%81%AF%E5%BD%BC%E5%A5%B3%E6%8C%81%E3%81%A1-%E3%82%AB%E3%83%A9%E3%82%BF%E3%83%81%E3%81%AE%E6%9C%80%E6%9E%9C%E3%81%A6%E3%81%AE%E3%82%BB%E3%83%B3%E3%82%BB%E3%82%A4/id1680512344?i=1000754842374&uo=4
155,奇跡の優勝、奇跡の勧誘 / 間もなく最果てフェス！,2026-03-19,2529,42,1cf7621c-2343-11f1-bcc1-b75e9ed81bcb,https://pdst.fm/e/pscrb.fm/rss/p/traffic.megaphone.fm/TBS2931431072.mp3,https://podcasts.apple.com/jp/podcast/155-%E5%A5%87%E8%B7%A1%E3%81%AE%E5%84%AA%E5%8B%9D-%E5%A5%87%E8%B7%A1%E3%81%AE%E5%8B%A7%E8%AA%98-%E9%96%93%E3%82%82%E3%81%AA%E3%81%8F%E6%9C%80%E6%9E%9C%E3%81%A6%E3%83%95%E3%82%A7%E3%82%B9-%E3%82%AB%E3%83%A9%E3%82%BF%E3%83%81%E3%81%AE%E6%9C%80%E6%9E%9C%E3%81%A6%E3%81%AE%E3%82%BB%E3%83%B3%E3%82%BB%E3%82%A4/id1680512344?i=1000756121811&uo=4
156,最果てフェス 2026 春 〜Tinderと命の危機〜,2026-03-26,3005,50,0843723a-28ec-11f1-af49-b79e27b02011,https://pdst.fm/e/pscrb.fm/rss/p/traffic.megaphone.fm/TBS7882000903.mp3,https://podcasts.apple.com/jp/podcast/156-%E6%9C%80%E6%9E%9C%E3%81%A6%E3%83%95%E3%82%A7%E3%82%B9-2026-%E6%98%A5-tinder%E3%81%A8%E5%91%BD%E3%81%AE%E5%8D%B1%E6%A9%9F-%E3%82%AB%E3%83%A9%E3%82%BF%E3%83%81%E3%81%AE%E6%9C%80%E6%9E%9C%E3%81%A6%E3%81%AE%E3%82%BB%E3%83%B3%E3%82%BB%E3%82%A4/id1680512344?i=1000757473260&uo=4
157,カラタチ、駅弁チャンピオンに輝く,2026-04-02,3245,54,906c425a-2e8b-11f1-8bb1-8b23a9a4f62f,https://pdst.fm/e/pscrb.fm/rss/p/traffic.megaphone.fm/TBS9513550816.mp3,https://podcasts.apple.com/jp/podcast/157-%E3%82%AB%E3%83%A9%E3%82%BF%E3%83%81-%E9%A7%85%E5%BC%81%E3%83%81%E3%83%A3%E3%83%B3%E3%83%94%E3%82%AA%E3%83%B3%E3%81%AB%E8%BC%9D%E3%81%8F-%E3%82%AB%E3%83%A9%E3%82%BF%E3%83%81%E3%81%AE%E6%9C%80%E6%9E%9C%E3%81%A6%E3%81%AE%E3%82%BB%E3%83%B3%E3%82%BB%E3%82%A4/id1680512344?i=1000758846631&uo=4
158,男たちの別れ,2026-04-09,2832,47,ea0c8596-33f8-11f1-b273-77c3921a0a6e,https://pdst.fm/e/pscrb.fm/rss/p/traffic.megaphone.fm/TBS4924122788.mp3,https://podcasts.apple.com/jp/podcast/158-%E7%94%B7%E3%81%9F%E3%81%A1%E3%81%AE%E5%88%A5%E3%82%8C-%E3%82%AB%E3%83%A9%E3%82%BF%E3%83%81%E3%81%AE%E6%9C%80%E6%9E%9C%E3%81%A6%E3%81%AE%E3%82%BB%E3%83%B3%E3%82%BB%E3%82%A4/id1680512344?i=1000760441084&uo=4
159,櫻坂46 5th YEAR ANNIVERSARY LIVE VS お笑いライブ,2026-04-16,2834,47,5c69fb8a-3900-11f1-8e66-3bdd04cf6e17,https://pdst.fm/e/pscrb.fm/rss/p/traffic.megaphone.fm/TBS9482865388.mp3,https://podcasts.apple.com/jp/podcast/159-%E6%AB%BB%E5%9D%8246-5th-year-anniversary-live-vs-%E3%81%8A%E7%AC%91%E3%81%84%E3%83%A9%E3%82%A4%E3%83%96-%E3%82%AB%E3%83%A9%E3%82%BF%E3%83%81%E3%81%AE%E6%9C%80%E6%9E%9C%E3%81%A6%E3%81%AE%E3%82%BB%E3%83%B3%E3%82%BB%E3%82%A4/id1680512344?i=1000761792098&uo=4
160,カッコ悪いふられ方 / CHE.R.RY,2026-04-23,2368,39,f2286770-3f08-11f1-9655-a3b32f609636,https://pdst.fm/e/pscrb.fm/rss/p/traffic.megaphone.fm/TBS5060243727.mp3,https://podcasts.apple.com/jp/podcast/160-%E3%82%AB%E3%83%83%E3%82%B3%E6%82%AA%E3%81%84%E3%81%B5%E3%82%89%E3%82%8C%E6%96%B9-che-r-ry-%E3%82%AB%E3%83%A9%E3%82%BF%E3%83%81%E3%81%AE%E6%9C%80%E6%9E%9C%E3%81%A6%E3%81%AE%E3%82%BB%E3%83%B3%E3%82%BB%E3%82%A4/id1680512344?i=1000763242170&uo=4
161,迷惑をかけない恋愛なんて,2026-04-30,3111,52,d9ec5088-4479-11f1-b6db-2f08572fa368,https://pdst.fm/e/pscrb.fm/rss/p/traffic.megaphone.fm/TBS6098246049.mp3,https://podcasts.apple.com/jp/podcast/161-%E8%BF%B7%E6%83%91%E3%82%92%E3%81%8B%E3%81%91%E3%81%AA%E3%81%84%E6%81%8B%E6%84%9B%E3%81%AA%E3%82%93%E3%81%A6-%E3%82%AB%E3%83%A9%E3%82%BF%E3%83%81%E3%81%AE%E6%9C%80%E6%9E%9C%E3%81%A6%E3%81%AE%E3%82%BB%E3%83%B3%E3%82%BB%E3%82%A4/id1680512344?i=1000764685973&uo=4
162,私、前田さんに推してもらえて幸せでした,2026-05-07,3392,57,08100840-49b8-11f1-8f82-37ec882e3703,https://pdst.fm/e/pscrb.fm/rss/p/traffic.megaphone.fm/TBS2402938423.mp3,https://podcasts.apple.com/jp/podcast/162-%E7%A7%81-%E5%89%8D%E7%94%B0%E3%81%95%E3%82%93%E3%81%AB%E6%8E%A8%E3%81%97%E3%81%A6%E3%82%82%E3%82%89%E3%81%88%E3%81%A6%E5%B9%B8%E3%81%9B%E3%81%A7%E3%81%97%E3%81%9F-%E3%82%AB%E3%83%A9%E3%82%BF%E3%83%81%E3%81%AE%E6%9C%80%E6%9E%9C%E3%81%A6%E3%81%AE%E3%82%BB%E3%83%B3%E3%82%BB%E3%82%A4/id1680512344?i=1000766600887&uo=4
163,資本主義と愛,2026-05-14,2755,46,ed85ddc6-4f73-11f1-9dd6-fb0c167db093,https://pdst.fm/e/pscrb.fm/rss/p/traffic.megaphone.fm/TBS8305680036.mp3,https://podcasts.apple.com/jp/podcast/163-%E8%B3%87%E6%9C%AC%E4%B8%BB%E7%BE%A9%E3%81%A8%E6%84%9B-%E3%82%AB%E3%83%A9%E3%82%BF%E3%83%81%E3%81%AE%E6%9C%80%E6%9E%9C%E3%81%A6%E3%81%AE%E3%82%BB%E3%83%B3%E3%82%BB%E3%82%A4/id1680512344?i=1000767740673&uo=4
164,カラタチ前田さんのおかげです / カラタチですよ。,2026-05-21,2875,48,81ba3450-54f7-11f1-875b-3b5b695e2aa1,https://pdst.fm/e/pscrb.fm/rss/p/traffic.megaphone.fm/TBS1955468556.mp3,https://podcasts.apple.com/jp/podcast/164-%E3%82%AB%E3%83%A9%E3%82%BF%E3%83%81%E5%89%8D%E7%94%B0%E3%81%95%E3%82%93%E3%81%AE%E3%81%8A%E3%81%8B%E3%81%92%E3%81%A7%E3%81%99-%E3%82%AB%E3%83%A9%E3%82%BF%E3%83%81%E3%81%A7%E3%81%99%E3%82%88-%E3%82%AB%E3%83%A9%E3%82%BF%E3%83%81%E3%81%AE%E6%9C%80%E6%9E%9C%E3%81%A6%E3%81%AE%E3%82%BB%E3%83%B3%E3%82%BB%E3%82%A4/id1680512344?i=1000768901187&uo=4
165,助演男優賞：前田壮太 - 『唯衣と壮太 愛の物語,2026-05-28,2859,48,cf18d898-5a81-11f1-a544-073186dbb3cf,https://pdst.fm/e/pscrb.fm/rss/p/traffic.megaphone.fm/TBS2399933429.mp3,https://podcasts.apple.com/jp/podcast/165-%E5%8A%A9%E6%BC%94%E7%94%B7%E5%84%AA%E8%B3%9E-%E5%89%8D%E7%94%B0%E5%A3%AE%E5%A4%AA-%E5%94%AF%E8%A1%A3%E3%81%A8%E5%A3%AE%E5%A4%AA-%E6%84%9B%E3%81%AE%E7%89%A9%E8%AA%9E-%E3%82%AB%E3%83%A9%E3%82%BF%E3%83%81%E3%81%AE%E6%9C%80%E6%9E%9C%E3%81%A6%E3%81%AE%E3%82%BB%E3%83%B3%E3%82%BB%E3%82%A4/id1680512344?i=1000769989197&uo=4
166,唯衣ちゃん、またいつか,2026-06-04,3380,56,549f025c-5ffb-11f1-9481-73fc491df8f0,https://pdst.fm/e/pscrb.fm/rss/p/traffic.megaphone.fm/TBS7908689153.mp3,https://podcasts.apple.com/jp/podcast/166-%E5%94%AF%E8%A1%A3%E3%81%A1%E3%82%83%E3%82%93-%E3%81%BE%E3%81%9F%E3%81%84%E3%81%A4%E3%81%8B-%E3%82%AB%E3%83%A9%E3%82%BF%E3%83%81%E3%81%AE%E6%9C%80%E6%9E%9C%E3%81%A6%E3%81%AE%E3%82%BB%E3%83%B3%E3%82%BB%E3%82%A4/id1680512344?i=1000771141150&uo=4
167,バレる！！,2026-06-11,3271,55,02fc4474-6563-11f1-a04b-33490489383c,https://pdst.fm/e/pscrb.fm/rss/p/traffic.megaphone.fm/TBS2350965016.mp3,https://podcasts.apple.com/jp/podcast/167-%E3%83%90%E3%83%AC%E3%82%8B-%E3%82%AB%E3%83%A9%E3%82%BF%E3%83%81%E3%81%AE%E6%9C%80%E6%9E%9C%E3%81%A6%E3%81%AE%E3%82%BB%E3%83%B3%E3%82%BB%E3%82%A4/id1680512344?i=1000772190673&uo=4
168,リング / 奇祭,2026-06-18,3456,58,7791a05a-6b07-11f1-9c22-fbbdfdcce84b,https://pdst.fm/e/pscrb.fm/rss/p/traffic.megaphone.fm/TBS2658498203.mp3,https://podcasts.apple.com/jp/podcast/168-%E3%83%AA%E3%83%B3%E3%82%B0-%E5%A5%87%E7%A5%AD-%E3%82%AB%E3%83%A9%E3%82%BF%E3%83%81%E3%81%AE%E6%9C%80%E6%9E%9C%E3%81%A6%E3%81%AE%E3%82%BB%E3%83%B3%E3%82%BB%E3%82%A4/id1680512344?i=1000773258775&uo=4
169,卒業,2026-06-25,3025,50,a6e24294-7078-11f1-a76c-6b275b599b08,https://pdst.fm/e/pscrb.fm/rss/p/traffic.megaphone.fm/TBS2899828745.mp3,https://podcasts.apple.com/jp/podcast/169-%E5%8D%92%E6%A5%AD-%E3%82%AB%E3%83%A9%E3%82%BF%E3%83%81%E3%81%AE%E6%9C%80%E6%9E%9C%E3%81%A6%E3%81%AE%E3%82%BB%E3%83%B3%E3%82%BB%E3%82%A4/id1680512344?i=1000774170510&uo=4
170,山口さんと西畑さんと武元さん / 初めての学園祭 / bambooミーツ！,2026-07-02,3525,59,752851c0-7614-11f1-a8f4-df5f679769cb,https://pdst.fm/e/pscrb.fm/rss/p/traffic.megaphone.fm/TBS7982966947.mp3,https://podcasts.apple.com/jp/podcast/170-%E5%B1%B1%E5%8F%A3%E3%81%95%E3%82%93%E3%81%A8%E8%A5%BF%E7%95%91%E3%81%95%E3%82%93%E3%81%A8%E6%AD%A6%E5%85%83%E3%81%95%E3%82%93-%E5%88%9D%E3%82%81%E3%81%A6%E3%81%AE%E5%AD%A6%E5%9C%92%E7%A5%AD-bamboo%E3%83%9F%E3%83%BC%E3%83%84-%E3%82%AB%E3%83%A9%E3%82%BF%E3%83%81%E3%81%AE%E6%9C%80%E6%9E%9C%E3%81%A6%E3%81%AE%E3%82%BB%E3%83%B3%E3%82%BB%E3%82%A4/id1680512344?i=1000775174078&uo=4
171,唯衣ちゃん IS BACK! / フリートーク回じゃなければこんなことにはならなかった,2026-07-09,3755,63,32e054e0-7afe-11f1-9004-ff8e032d5fa8,https://pdst.fm/e/pscrb.fm/rss/p/traffic.megaphone.fm/TBS7444581272.mp3,https://podcasts.apple.com/jp/podcast/171-%E5%94%AF%E8%A1%A3%E3%81%A1%E3%82%83%E3%82%93-is-back-%E3%83%95%E3%83%AA%E3%83%BC%E3%83%88%E3%83%BC%E3%82%AF%E5%9B%9E%E3%81%98%E3%82%83%E3%81%AA%E3%81%91%E3%82%8C%E3%81%B0%E3%81%93%E3%82%93%E3%81%AA%E3%81%93%E3%81%A8%E3%81%AB%E3%81%AF%E3%81%AA%E3%82%89%E3%81%AA%E3%81%8B%E3%81%A3%E3%81%9F-%E3%82%AB%E3%83%A9%E3%82%BF%E3%83%81%E3%81%AE%E6%9C%80%E6%9E%9C%E3%81%A6%E3%81%AE%E3%82%BB%E3%83%B3%E3%82%BB%E3%82%A4/id1680512344?i=1000776103481&uo=4
172,BACK TO BACK,2026-07-16,2808,47,61a8df4e-80cc-11f1-a1fd-934654bc6a43,https://pdst.fm/e/pscrb.fm/rss/p/traffic.megaphone.fm/TBS5729341200.mp3,https://podcasts.apple.com/jp/podcast/172-back-to-back-%E3%82%AB%E3%83%A9%E3%82%BF%E3%83%81%E3%81%AE%E6%9C%80%E6%9E%9C%E3%81%A6%E3%81%AE%E3%82%BB%E3%83%B3%E3%82%BB%E3%82%A4/id1680512344?i=1000777044359&uo=4
